"Catégorie","Nom","Prix","Disponibilité","Allonge","Dégâts","Atouts et Défauts","","","","",""
"Arme d'Hast","Hallebarde Haut Elfe","8 CO","Courante","Longue","BF + 4","Défensive, Solide 1, Empaleuse, Raffiné 1, Taille","","","","",""
"Arme d'Hast","Lance longue Haut Elfe","3 CO","Courante","Très Longue","BF + 4","Solide 1, Empaleuse, Raffiné 1","","","","",""
"Armes d'Hast","Bâton de combat (2M)","3/-","Commune","Longue","=+BF +4","Assommante, Défensive","","","","",""
"Armes d'Hast","Hallebarde (2M)","2CO","Commune","Longue","=+BF +4","Défensive, Taille, Empaleuse","","","","",""
"Armes d'Hast","Lance (2M)","15/-","Commune","Très longue","=+BF +4","Empaleuse","","","","",""
"Armes d'Hast","Pique (2M)","18/-","Rare","Considérable","=+BF +4","Empaleuse","","","","",""
"Armes d'Hast","Ahlspiess (2M)","2 CO","Rare","Très longue","=+BF +3","Empaleuse, Perforante","","","","",""
"Armes d'Hast","Guisarme (2M)","2 CO","Rare","Longue","=+BF +4","Défensive, Taille ou Croche-pied","","","","",""
"Armes d'Hast","Mancatcher (2M)","2 CO","Rare","Longue","=+BF +2","Défensive, Immobilisante","","","","",""
"Armes d'Hast","Partizan/Glaive (2M)","2 CO","Rare","Longue","=+BF +4","Défensive, Empaleuse ou Entaille 2","","","","",""
"Armes d'Hast","Hache d'armes (2M)","2 CO","Rare","Longue","=+BF +4","Défensive, Taille ou Empaleuse ou Assommante","","","","",""
"Armes d'Hast","Lance Eonir (2M)","2 CO","Commune","Longue","=+BF +4","Perforante","","","","",""
"Bagarre","Mains nues","ND","-","Personnelle","=+BF +0","Inoffensive","","","","",""
"Bagarre","Coup-de-poing","2/6","Commune","Personnelle","=+BF +2","-","","","","",""
"Bagarre","Gantelet à pointes","2 CO","Rare","Personnelle","=+BF +3","Empaleuse, Déséquilibrée","","","","",""
"Bagarre","Gaffe de marin","6/-","Commune","Courte","=+BF +4","Croche-pied, Inoffensive","","","","",""
"Bagarre","Garrot (2M)","1/-","Rare","Personnelle","=+BF +2","Immobilisante, Lente, Déséquilibrée, Inoffensive","","","","",""
"Bagarre","Gantelet verrouillé","1 CO","Rare","Personnelle","=+BF +2","Inoffensive","","","","",""
"Bagarre","Matraque souple","1/-","Rare","Personnelle","=+BF +1","Assommante, Déséquilibrée, Inoffensive","","","","",""
"Bagarre","Lames de poignet Druchii","212 CO","Spéciale","Personnelle","BF + 2","Entaille, Raffiné 2, Rapide","","","","",""
"Base","Couteau","8/-","Commune","Très courte","=+BF +1","Inoffensive","","","","",""
"Base","Dague","16/-","Commune","Très courte","=+BF +2","-","","","","",""
"Base","Hache","10/-","Commune","Moyenne","=+BF +4","Taille, Déséquilibrée","","","","",""
"Base","Couteau Bollock","16/-","Rare","Très courte","=+BF +1","Empaleuse*, Perforante, Pointue*","","","","",""
"Base","Gourdin","4/-","Commune","Moyenne","=+BF +4","Inoffensive, Déséquilibrée","","","","",""
"Base","Arme improvisée","ND","Variable","Variable","=+BF +1","Inoffensive, Déséquilibrée","","","","",""
"Base","Masse","15/-","Commune","Moyenne","=+BF +4","Assommante, Déséquilibrée","","","","",""
"Base","Pic de guerre","15/-","Rare","Moyenne","=+BF +4","Perforante, Déséquilibrée","","","","",""
"Base","Cimeterre","1 CO","Rare","Courte","=+BF +4","Entaille 1","","","","",""
"Base","Épée","1 CO","Commune","Moyenne","=+BF +4","-","","","","",""
"Base","Marteau de guerre","1 CO","Rare","Moyenne","=+BF +4","Déséquilibrée, Assommante ou Perforante","","","","",""
"Base","Lame de guerre Eonir","3 CO","Rare","Moyenne","=+BF +3","Pointue","","","","",""
"Base","Hache barbelée","1 CO","Commune","Moyenne","=+BF +4","Piège-lame","","","","",""
"Base","Marteau nain","3 CO","Rare","Moyenne","=+BF +4","Assommante","","","","",""
"Base","Fendoir de Mamie","1 CO","Commune","Moyenne","=+BF +3","Taille","","","","",""
"Base","Poêle en fer","1 CO","Commune","Moyenne","=+BF +3","Défensive","","","","",""
"Base","Épée Haut Elfe","4 CO","Courante","Moyenne","BF + 4","Solide 1, Raffiné 1","","","","",""
"Base","Dague Haut Elfe","3 CO 4s","Courante","Très Courte","BF + 2","Solide 1, Raffiné 1","","","","",""
"Base","Lame-épine (Spineblade) Druchii","42 CO","Spéciale","Courte","BF + 3","Empaleuse, Raffiné 2, Pointue","","","","",""
"Base","Hache Naine","1 CO","Courante","Moyenne","BF + 4","Taille","","","","",""
"Base","Marteau de Guerre Nain","1 CO","Courante","Moyenne","BF + 4","Assommante","","","","",""
"Base","Massue en Obsinite Homme Lézard","1 CO","Peu Courante","Courte","BF + 3","Perforante","","","","",""
"Base","Maul à pointes en Obsinite Homme Lézard","2 CO","Peu Courante","Moyenne","BF + 4","Assommante, Perforante","","","","",""
"Base","Dague de poing (Punch Dagger) Skaven","0","Clan Eshin uniq.","Très Courte","BF + 1","Défensive, Rapide","","","","",""
"Base","Griffes de rat (Rat Claws) Skaven","0","Clan Eshin uniq.","Très Courte","BF + 2","Défensive, Rapide","","","","",""
"Base","Arme de queue (Tail Weapon) Skaven","0","Skavens uniq.","Courte","BF + 1","Imprécise, Perturbante","","","","",""
"Bouclier","Bouclier Haut Elfe","8 CO","Courante","Très Courte","BF + 2","Protectrice 2, Défensive, Solide 1, Raffiné 1","","","","",""
"Bouclier","Bouclier","2 CO","Commune","Très courte","=+BF +2","Protectrice 2, Défensive, Inoffensive","","","","",""
"Bouclier","Pavois","3 CO 15/-","Rare","N/A","=+BF +2","Protectrice 5","","","","",""
"Bouclier","Targe (Buckler)","18 s 2 d","Courante","=+1 PA","Parade","Protectrice 1, Défensive, Inoffensive.","","","","",""
"Bouclier","Bouclier standard","2 CO","Courante","=+2 PA","Parade","Protectrice 2, Défensive, Inoffensive. (Note : Un atout Protectrice ≥ 2 permet de parer les tirs entrants).","","","","",""
"Bouclier","Grand Bouclier","3 CO","Courante","=+3 PA","Parade","Protectrice 3, Défensive, Inoffensive.","","","","",""
"Bouclier","Pavois (Pavise)","3 CO 15 s","Rare","=+5 PA (posé) ou +3 PA (porté)","Face avant (couverture)","Fournit +5 PA (Protectrice 5) contre les tirs venant d'une direction s'il est planté au sol (nécessite 2 Actions). Si tenu en mêlée : Protectrice 3, Défensive, Inoffensive, Lente, Épuisante.","","","","",""
"Cavalerie","Lance de cavalerie","1CO","Rare","Très longue","=+BF +6*","Empaleuse, Percutante, bonus si charge","","","","",""
"Cavalerie","Marteau à bec-de-corbin (2M)","3CO","Limitée","Longue","=+BF +5","Assommante","","","","",""
"Cavalerie","Demi-lance","1 CO","Rare","Long","BF+5*","Percutante, Empaleuse","","","","",""
"Cavalerie","Sabre","2 CO","Rare","Moyenne","=+BF +4","Entaille 1","","","","",""
"Cavalerie","Lance de cavalerie Haut Elfe","4 CO","Rare","Très Longue","BF + 6","Solide 1, Empaleuse, Raffiné 1, Percutante","","","","",""
"Deux-Mains","Grande Hache Haut Elfe","16 CO","Peu Courante","Longue","BF + 6","Solide 1, Épuisante, Raffiné 1, Percutante, Taille","","","","",""
"Deux-Mains","Espadon de Hoeth Haut Elfe","2000 CO","Unique","Longue","BF + 6","Dévastatrice, Solide 3, Raffiné 3, Taille","","","","",""
"Deux-Mains","Voleuse d'âme (Soultaker) Druchii","126 CO","Spéciale","Longue","BF + 5","Dévastatrice, Empaleuse, Raffiné 2","","","","",""
"Deux-Mains","Grande Hache Naine","4 CO","Courante","Longue","BF + 6","Épuisante, Percutante, Taille","","","","",""
"Deux-Mains","Grand Marteau Nain","4 CO","Courante","Moyenne","BF + 7","Assommante, Dévastatrice","","","","",""
"Deux-Mains","Pioche Naine","1 CO","Courante","Moyenne","BF + 6","Dévastatrice, Empaleuse","","","","",""
"Deux-Mains","Épée bâtarde (2M)","8CO","Limitée","Longue","=+BF +5","Dévastatrice, Défensive","","","","",""
"Deux-Mains","Grande hache (2M)","4CO","Limitée","Longue","=+BF +6","Épuisante, Percutante, Taille","","","","",""
"Deux-Mains","Marteau de guerre (2M)","3CO","Commune","Moyenne","=+BF +5","Assommante, Dévastatrice, Lente","","","","",""
"Deux-Mains","Pioche (2M)","9/-","Commune","Moyenne","=+BF +5","Dévastatrice, Empaleuse, Lente","","","","",""
"Deux-Mains","Zweihänder (2M)","10CO","Limitée","Longue","=+BF +5","Dévastatrice, Taille","","","","",""
"Deux-Mains","Zweihänder Flamberge (2M)","30 CO","Exotique","Longue","=+BF +5","Dévastatrice, Taille, Entaille 2","","","","",""
"Deux-Mains","Épée du Bois Sauvage (2M)","10 CO","Rare","Longue","=+BF +4","Dévastatrice, Rapide","","","","",""
"Deux-Mains","Hache de Tueur (2M)","12 CO","Rare","Longue","=+BF +6","Percutante, Perforante","","","","",""
"Escrime","Fleuret","5CO","Limitée","Moyenne","=+BF +3","Rapide, Empaleuse, Pointue, Inoffensive","","","","",""
"Escrime","Rapière","5CO","Limitée","Longue","=+BF +4","Rapide, Empaleuse","","","","",""
"Escrime","Petit sabre","4 CO","Rare","Moyenne","=+BF +2","Rapide, Empaleuse, Pointue","","","","",""
"Fléau","Fléau","2CO","Limitée","Moyenne","=+BF +5","Perturbante, À Enroulement","","","","",""
"Fléau","Fléau à grain","10/-","Commune","Moyenne","=+BF +3","Perturbante, Imprécise, À Enroulement","","","","",""
"Fléau","Fléau d’armes (2M)","3CO","Rare","Longue","=+BF +6","Perturbante, Percutante, Épuisante, À Enroulement","","","","",""
"Fléau","Lames tournoyantes de la mort Naines","5 CO","Rare","Longue","BF + 5","À Enroulement, Épuisante, Percutante, Perturbante, Taille","","","","",""
"Fléau","Encensoir à Peste Skaven","3","Clan Pestilens uniq.","Longue","BF + 4","Épuisante, Imprécise, Malepierre, Percutante, Perturbante","","","","",""
"Ingénierie","Foret à Vapeur Nain","12 CO","Rare","Moyenne","BF + 6","Empaleuse, Percutante","","","","",""
"Ingénierie","Hache Dentée (Cog Axe) Naine","15 CO","Exotique","Moyenne","BF + 4","Piège-lame, Perforante, Taille","","","","",""
"Ingénierie","Gantelet à Vapeur Nain","40 CO","Exotique","Personnelle","BF + 7","Assommante, Protectrice 1","","","","",""
"Parade","Brise-épée","1CO 2/6","Limitée","Courte","=+BF +3","Défensive, Piège-lame","","","","",""
"Parade","Main gauche","1CO","Rare","Très courte","=+BF +2","Défensive","","","","",""
"Parade","Cape","10/-","Commune","Courte","=+BF +0","Immobilisante, Défensive, Inoffensive","","","","",""
"Parade","Filet lesté (2M)","1 CO 10/-","Rare","Courte","=+BF +0","Immobilisante, Défensive, Protectrice 1, Lente, Inoffensive, À Enroulement","","","","",""
"Parade","Filet Druchii","12 CO","Spéciale","Courte","BF","À Enroulement, Défensive, Raffiné 1, Immobilisante, Inoffensive, Lente","","","","",""