"Catégorie","Nom","Prix","Disponibilité","Portée","Dégâts","Atouts et Défauts"
"Arbalète","Arbalète (2M)","5CO","Commune","60","=+9","Recharge 1"
"Arbalète","Arbalète de poing","6CO","Limitée","10","=+7","Pistolet"
"Arbalète","Arbalète lourde (2M)","7CO","Rare","100","=+9","Dévastatrice, Recharge 2"
"Arbalète","Arbalète naine (2M)","9 CO","Rare","80","=+9","Pointue, Dévastatrice, Recharge 2"
"Arbalète","Arbalète à Répétition Druchii","12 CO","Spéciale","48","=+8","Raffiné 1, Recharge 9, À répétition 3"
"Arbalète","Arbalète de poing à Répétition Druchii","14 CO","Spéciale","10","=+6","Raffiné 1, Pistolet, Recharge 9, À répétition 3"
"Arbalète","Baliste Faucheuse (Reaper Bolt Thrower) Druchii","120 CO","Spéciale","120","=+9 / +12","Équipage 2, Précise, Recharge 12, Salve 6"
"Arbalète","Faucheuse des cieux (Sky Reaper) Druchii","160 CO","Spéciale","90","=+8 / +10","Équipage 2, Précise, Recharge 12, Salve 6"
"Arbalète","Harpon Ravageur Druchii","96 CO","Spéciale","36","=+10","Carreau barbelé, Empaleuse, Précise, Recharge 3"
"Arbalète","Arbalète Naine (2M)","8 CO","Courante","80","=+10","Dévastatrice, Empaleuse, Pointue, Recharge 1"
"Arc","Arc (2M)","4CO","Commune","50","=+BF +3","-"
"Arc","Arc court (2M)","1CO","Commune","20","=+BF +2","-"
"Arc","Arc elfique (2M)","10CO","Exotique","150","=+BF +4","Dévastatrice, Pointue"
"Arc","Arc long (2M)","5CO","Limitée","100","=+BF +4","Dévastatrice"
"Arc","Arc d'Anirain Haut Elfe","-","Unique","150","BF + 5","Dévastatrice, Solide 3, Raffiné 3, Pointue"
"Embarquée","Mitrailleuse (Clattergun) Nain","15 CO","Rare","50","=+10","Dangereuse, Dévastatrice, Dispersion 2, Empaleuse, Perforante, À Poudre noire, Recharge 4"
"Embarquée","Canon Fracasseur (Breaker) Nain","60 CO","Rare","60","=+12","Dangereuse, Dévastatrice, Équipage 2, À Poudre noire, Recharge 4, Explosion 2"
"Embarquée","Canon Tempête (Tempest) Nain","150 CO","Exotique","120","=+16","Dangereuse, Dévastatrice, Équipage 3, À Poudre noire, Recharge 6, Explosion 2"
"Embarquée","Canon Tonnerre (Thunder) Nain","500 CO","Exotique","200","=+20","Dangereuse, Dévastatrice, Équipage 5, À Poudre noire, Recharge 10, Explosion 2"
"Entraves","Fouet","5/-","Commune","6","=+BF +2","Immobilisante"
"Entraves","Lasso","6/-","Commune","","-","Immobilisante"
"Explosif","Globe de Vent Empoisonné Skaven","-","Spéciale","","Spécial","Dangereuse, Ignore l'armure, Explosion 3"
"Explosifs","Bombe","3CO","Rare","","=+12","Explosion 5, Dangereuse, Percutante"
"Explosifs","Bombe incendiaire","1CO","Limitée","","Spécial***","Explosion 4, Dangereuse *** Une Bombe incendiaire donne +DR État Enflammé à chaque cible affectée."
"Explosifs","Bombe Cinderblast","3 CO","Exotique","","=+14","Explosion 3, Dangereuse, Percutante, Perforante"
"Fronde","Fronde","1/-","Commune","60","=+6","-"
"Fronde","Fustibale (2M)","4/-","Limitée","100","=+7","-"
"Ingénierie","Arquebuse à répétition (2M)","10CO","Rare","30","=+9","Dangereuse, Recharge 5, À répétition 4, À Poudre noire, Dévastatrice"
"Ingénierie","Pistolet à répétition","15CO","Rare","10","=+8","Dangereuse, Pistolet, Recharge 4, À répétition 4, À Poudre noire, Dévastatrice"
"Ingénierie","Poivrière","12 CO","Rare","10","=+8","À Poudre noire, Dévastatrice, Dangereuse, Pistolet, Recharge 4, À répétition 4*"
"Ingénierie","Mortier de main (2M)","50 CO","Exotique","30","=+7","À Poudre noire, Dévastatrice, Dangereuse, Imprécise, Recharge 2"
"Ingénierie","Pistolet-Canne","15 CO","Exotique","10","=+8","À Poudre noire, Dévastatrice, Dangereuse, Imprécise, Recharge 6"
"Ingénierie","Pistolet Drakefire","25 CO","Exotique","20","=+8","À Poudre noire, Dévastatrice, Dangereuse, Pistolet, Si critique la cible prends feu"
"Ingénierie","Fusil Drac de Fer (Drakegun) Nain","20 CO","Rare","30","=+12","Dangereuse, Dévastatrice, Perforante, À Poudre noire, Recharge 4, Explosion 6"
"Ingénierie","Torpille à Fléau de Troll (1 munition) Nain","5 CO","Exotique","40","=+14","Dangereuse, Percutante, À Poudre noire, Recharge 6"
"Ingénierie","Pistolet Drac de Fer Nain","25 CO","Exotique","20","=+11","Dangereuse, Dévastatrice, Perforante, Pistolet, À Poudre noire, Recharge 4, Explosion 3"
"Ingénierie","Arquebuse Naine à Répétition","10 CO","Exotique","50","=+10","Dangereuse, Dévastatrice, Empaleuse, Perforante, À Poudre noire, Recharge 4, À répétition 3"
"Ingénierie","Mitrailleuse Ratling Skaven","-","Spéciale","60","=+9","Dangereuse, Dévastatrice, Équipage 2, Malepierre, Recharge 5, À répétition (Variable)"
"Ingénierie","Lance-Feu à Malepierre Skaven","-","Spéciale","30","=+10","Dangereuse, Dévastatrice, Enflammée, Équipage 2, Malepierre, Explosion 3"
"Lancer","Javelot Blackbriar elfe sylvain","2 CO","Exotique","","=+BF +3","Empaleuse, Spécial (si a passé la nuit dans une terre fertile, inflige la condition Empoisonné 1 à une cible qui a subit au moins 1 pt de blessure et échoue un test d'Endurance +0)"
"Lancer","Bolas","10/-","Rare","","=+BF","Immobilisante"
"Lancer","Couteau de lancer","18/-","Commune","","=+BF +2","-"
"Lancer","Fléchette","1/-","Limitée","","=+BF +1","Empaleuse"
"Lancer","Hache de lancer","1CO","Commune","","=+BF +3","Taille"
"Lancer","Javelot","10/6","Limitée","","=+BF +3","Empaleuse"
"Lancer","Rocher","-","Commune","","=+BF","-"
"Poudre Noire","Arquebuse (2M)","4CO","Limitée","50","=+9","Dangereuse, Recharge 3, À Poudre noire, Dévastatrice"
"Poudre Noire","Long fusil d’Hochland (2M)","10CO","Exotique","100","=+9","Précise, Pointue, Recharge 4, À Poudre noire, Dévastatrice"
"Poudre Noire","Pistolet","8CO","Rare","20","=+8","Pistolet, Recharge 1, À Poudre noire, Dévastatrice"
"Poudre Noire","Tromblon (2M)","2CO","Limitée","20","=+8","Explosion 3, Dangereuse, Recharge 2, À Poudre noire, Dévastatrice"
"Poudre Noire","Mousquet (2M)","4 CO","Rare","50","=+9","À Poudre noire, Dévastatrice, Dangereuse, Recharge 3"
"Poudre Noire","Pistolet","8 CO","Rare","20","=+8","À Poudre noire, Dévastatrice, Pistolet, Recharge 1"
"Poudre Noire","Mousquet à mèche (2M)","2 CO","Rare","50","=+8","À Poudre noire, Dévastatrice, Dangereuse, Recharge 4"
"Poudre Noire","Tromblon à mèche (2M)","1 CO","Rare","20","=+7","À Poudre noire, Dévastatrice, Dispersion 3, Dangereuse, Recharge 3"
"Poudre Noire","Mousquet double canon (2M)","7 CO","Exotique","50","=+9","À Poudre noire, Dévastatrice, Dangereuse, À répétition 2, Recharge 4"
"Poudre Noire","Pistolet Griffonsfoot","10 CO","Exotique","10","=+7","À Poudre noire, Dévastatrice, Imprécise, Dispersion 5, Recharge 6"
"Poudre Noire","Hache-Fusil (2M)","8 CO","Exotique","30","=+9","À Poudre noire, Dévastatrice, Imprécise, Dangereuse, Recharge 4"
"Poudre Noire","Hallebarde-Fusil (2M)","10 CO","Exotique","30","=+9","À Poudre noire, Dévastatrice, Imprécise, Dangereuse, Recharge 4"
"Poudre Noire","Mousquet nain (2M)","9 CO","Rare","30","=+8","Perforante, Recharge 3, À Poudre noire, Dévastatrice"
"Poudre Noire","Pistolet nain","18 CO","Rare","30","=+8","Perforante, Pistolet, Recharge 1, À Poudre noire, Dévastatrice"
"Poudre Noire","Arquebuse Naine (2M)","6 CO","Peu Courante","50","=+10","Dévastatrice, Empaleuse, Perforante, À Poudre noire, Recharge 3"
"Poudre Noire","Pistolet Nain","12 CO","Rare","20","=+10","Dévastatrice, Empaleuse, Perforante, Pistolet, À Poudre noire, Recharge 1"
"Poudre Noire","Canon naval (petit)","40 CO","Peu Courante","50","=+10","Dangereuse, Dévastatrice, À Poudre noire, Recharge 4, Explosion 2"
"Poudre Noire","Canon naval (moyen)","100 CO","Exotique","75","=+14","Dangereuse, Dévastatrice, À Poudre noire, Recharge 6, Explosion 3"
"Poudre Noire","Mortier naval","50 CO","Exotique","30","=+20","Dangereuse, Dévastatrice, Percutante, À Poudre noire, Recharge 4, Explosion 5"
"Poudre Noire","Pistolet à Malepierre Skaven","-","Spéciale","20","=+9","Dangereuse, Dévastatrice, Malepierre, Pistolet, Perforante, Recharge 1"
"Poudre Noire","Jezzail à Malepierre Skaven","-","Spéciale","150","=+14","Dangereuse, Dévastatrice, Équipage 2, Malepierre, Perforante, Recharge 3"
"Sarbacane","Fléchettes (lot de 12) Homme Lézard","10 s","Exotique","","=+1","S'utilise avec la Sarbacane"
"Sarbacane","Sarbacane Homme Lézard","3 CO","Exotique","20","=+0","Recharge 1"
"Siège","Canon Pivotant (avec balles) Nain","20 CO","Peu Courante","30","=+15","Dangereuse, Dévastatrice, Dispersion 3, Empaleuse, Perforante, À Poudre noire, Recharge 4"
"Siège","Bombarde (petit canon) Nain","40 CO","Peu Courante","50","=+10","Dangereuse, Dévastatrice, Équipage 2, À Poudre noire, Recharge 4, Explosion 2"
"Siège","Mortier Nain","45 CO","Rare","75","=+10","Dangereuse, Dévastatrice, Équipage 2, À Poudre noire, Recharge 3, Explosion 2"
"Siège","Canon Nain","100 CO","Rare","75","=+14","Dangereuse, Dévastatrice, Équipage 3, À Poudre noire, Recharge 6, Explosion 2"
"Siège","Baliste navale","30 CO","Peu Courante","100","=+12","Empaleuse, Perforante, Précise, Recharge 3"
"Siège","Catapulte (petite)","20 CO","Peu Courante","50","=+10","Dévastatrice, Imprécise, Percutante, Recharge 3"
"Siège","Catapulte (moyenne)","40 CO","Peu Courante","75","=+15","Dévastatrice, Imprécise, Percutante, Recharge 3"