"Catégorie","Nom","Prix","Disponibilité","Valeur d'Armure (PA)","Zones Couvertes","Atouts et Défauts (et Pénalités)","","","","","","","","","","","","","","","",""
"Cuir Souple ","Calotte de cuir","8 s","Commune","1","Tête","Partielle","","","","","","","","","","","","","","","",""
"Cuir Souple ","Jambières de cuir","14 s","Commune","1","Jambes","-","","","","","","","","","","","","","","","",""
"Cuir Souple ","Justaucorps de cuir","10 s","Commune","1","Corps","-","","","","","","","","","","","","","","","",""
"Cuir Souple ","Veste de cuir","12 s","Commune","1","Bras, Corps","-","","","","","","","","","","","","","","","",""
"Cuir Bouilli","Plastron de cuir","18 s","Limitée","2","Corps","Points faibles","","","","","","","","","","","","","","","",""
"Mailles","Chausses de mailles","2 CO","Limitée","2","Jambes","Flexible","","","","","","","","","","","","","","","",""
"Mailles","Chemise de mailles","2 CO","Limitée","2","Corps","Flexible","","","","","","","","","","","","","","","",""
"Mailles","Coiffe de mailles","1 CO","Limitée","2","Tête","Flexible, Partielle (-10% en Perception)","","","","","","","","","","","","","","","",""
"Mailles","Cotte de mailles","3 CO","Commune","2","Bras, Corps","Flexible","","","","","","","","","","","","","","","",""
"Plates","Brassards","8 CO","Rare","2","Bras","Impénétrable, Points faibles","","","","","","","","","","","","","","","",""
"Plates","Heaume","3 CO","Rare","2","Tête","Impénétrable, Points faibles (-20% en Perception)","","","","","","","","","","","","","","","",""
"Plates","Heaume ouvert","2 CO","Commune","2","Tête","Partielle (-10% en Perception)","","","","","","","","","","","","","","","",""
"Plates","Jambières d’acier","10 CO","Rare","2","Jambes","Impénétrable, Points faibles (-10 en Discrétion supplémentaire)","","","","","","","","","","","","","","","",""
"Plates","Plastron","10 CO","Limitée","2","Corps","Impénétrable, Points faibles","","","","","","","","","","","","","","","",""
"Magique et Unique","Cape de Dragon des Mers","N/A","Unique (Elfes Noirs)","3 PA","Corps (voir atouts)","Offre 3 PA sur le corps. Le porteur peut utiliser une Action pour s'en envelopper, ce qui étend la protection de 3 PA aux bras et aux jambes.","","","","","","","","","","","","","","","",""
"Magique et Unique","Heaume du Kraken","N/A","Unique (Lustrie)","=+2 PA","Toutes","Relique de Chupayotl. Le porteur gagne +2 PA sur toutes ses localisations, ainsi que les Traits Régénération et Terreur 2.","","","","","","","","","","","","","","","",""
"Magique et Unique","Cape de Plumes (Coatl)","N/A","Unique (Skinks)","0 PA","Corps","Tissée par les Skinks avec des plumes de Coatl. Confère au porteur les Traits Vol (45) et Résistance à la Magie 2.","","","","","","","","","","","","","","","",""
"Magique et Unique","Gantelets de l'Étrangleur","N/A","Unique (Objet)","0 PA","Mains","Cousus avec des ligaments de Géant. Le porteur compte comme étant d'une catégorie de Taille supérieure pour résoudre tous les Tests de Force opposés.","","","","","","","","","","","","","","","",""
"Magique et Unique","Châle de Loup (Wulfshawl)","N/A","Unique (Objet)","0 PA","Corps/Tête","Cape magique tissée dans une peau de Chimère. Provoque Peur 2 chez les Loups, Lions, Chèvres et Chimères.","","","","","","","","","","","","","","","",""
"Magique et Unique","Vision des Revenants","N/A","Unique (Bouclier)","(Selon le bouclier)","Parade","Bouclier incrusté de poussière d'os. Permet de voir les Morts-Vivants tels qu'ils étaient de leur vivant, annulant leur trait Peur, mais au risque de les confondre avec des alliés en plein combat !","","","","","","","","","","","","","","","",""
"Amélioration ","Gantelet à pointes","=+2 CO","Rare","-","Bras","S'achète comme intégration à une armure de plaques. En plus de l'armure, peut être utilisé comme arme (Dégâts +BF+3, Empaleuse, Déséquilibrée).","","","","","","","","","","","","","","","",""
"Amélioration ","Gantelet verrouillé","=+1 CO","Rare","-","Bras","S'achète comme intégration à une armure de plaques. Verrouille l'arme dans la main (empêche le désarmement). En frappe : Dégâts +BF+2, Inoffensive.","","","","","","","","","","","","","","","",""
"Gromril (nain)","Plastron","1280 CO","N/A*","3","Corps","Solide 4, Raffiné 1, Impénétrable, Points faibles","","","","","","","","","","","","","","","",""
"Gromril (nain)","Heaume ouvert","256 CO","N/A*","3","Tête","Solide 4, Raffiné 1, Partielle, -10% Perception","","","","","","","","","","","","","","","",""
"Gromril (nain)","Brassards","1024 CO","N/A*","3","Bras","Solide 4, Raffiné 1, Impénétrable, Points faibles","","","","","","","","","","","","","","","",""
"Gromril (nain)","Jambières de plates","1280 CO","N/A*","3","Jambes","Solide 4, Raffiné 1, Impénétrable, Points faibles, -10 Discrétion","","","","","","","","","","","","","","","",""
"Gromril (nain)","Heaume","384 CO","N/A*","3","Tête","Solide 4, Raffiné 1, Impénétrable, Points faibles, -20% Perception","","","","","","","","","","","","","","","",""
"Mailles Naines","Jupe de mailles","1 CO","Limitée","2","Jambes","Flexible, Partielle","","","","","","","","","","","","","","","",""
"Plates Naines","Casque de mineur (ouvert)","2 CO","Courante","2","Tête","Partielle, -10% Perception (Dispose d'encoches pour des bougies)","","","","","","","","","","","","","","","",""
"Ithilmar Haut Elfe","Plastron","1280 CO","Unique","2","Corps","Solide 2, Raffiné 2, Impénétrable, Points faibles","","","","","","","","","","","","","","","",""
"Ithilmar Haut Elfe","Heaume ouvert","256 CO","Unique","2","Tête","Solide 2, Raffiné 2, Partielle, -10% Perception","","","","","","","","","","","","","","","",""
"Ithilmar Haut Elfe","Brassards","1024 CO","Unique","2","Bras","Solide 2, Raffiné 2, Impénétrable, Points faibles","","","","","","","","","","","","","","","",""
"Ithilmar Haut Elfe","Jambières de plates","1280 CO","Unique","2","Jambes","Solide 2, Raffiné 2, Impénétrable, Points faibles, -10 Discrétion","","","","","","","","","","","","","","","",""
"Ithilmar Haut Elfe","Heaume","384 CO","Unique","2","Tête","Solide 2, Raffiné 2, Impénétrable, Points faibles, -20% Perception","","","","","","","","","","","","","","","",""
"Ithilmar Haut Elfe","Heaume Ithiltaen","1536 CO","Unique","2","Tête","Solide 2, Raffiné 4, Impénétrable, Points faibles, -20% Perception","","","","","","","","","","","","","","","",""
"Dragon Haut Elfe","Plastron","10240 CO","Unique","2","Corps","Solide 3, Raffiné 2, Impénétrable, Points faibles","","","","","","","","","","","","","","","",""
"Dragon Haut Elfe","Heaume ouvert","2048 CO","Unique","2","Tête","Solide 3, Raffiné 2, Partielle, -10% Perception","","","","","","","","","","","","","","","",""
"Dragon Haut Elfe","Brassards","8192 CO","Unique","2","Bras","Solide 3, Raffiné 2, Impénétrable, Points faibles","","","","","","","","","","","","","","","",""
"Dragon Haut Elfe","Jambières de plates","10240 CO","Unique","2","Jambes","Solide 3, Raffiné 2, Impénétrable, Points faibles, -10 Discrétion","","","","","","","","","","","","","","","",""
"Dragon Haut Elfe","Heaume","3072 CO","Unique","2","Tête","Solide 3, Raffiné 2, Impénétrable, Points faibles, -20% Perception","","","","","","","","","","","","","","","",""
"Cape Haut Elfe","Cape de Lion Blanc","20 CO","Exotique","2","Corps","Raffiné 2, Partielle","","","","","","","","","","","","","","","",""