"Nom","Portée","Cible","Durée","Effet","","","","","","","","","","","","","","","","","","","","",""
"Appel à la Fureur","(Sociabilité) mètres","(Bonus d’Intelligence) alliés","(Bonus de Sociabilité) Rounds","Vos Prières passionnées inspirent à vos alliés un mépris féroce de leurs ennemis. Tous les alliés affectés reçoivent le Trait Psychologique Haine à l’égard de tous ceux qui les engagent en combat.","","","","","","","","","","","","","","","","","","","","",""
"Bouclier de Myrmidia","(Sociabilité) mètres","(Bonus d’Intelligence) alliés","(Bonus de Sociabilité) Rounds","Vos Prières passionnées incitent Myrmidia à protéger vos alliés avec des filaments de lumière vive et scintillante, repoussant les frappes ennemies. Toutes les cibles affectées gagnent +1 PA à toutes les Localisations.","","","","","","","","","","","","","","","","","","","","",""
"Inspirant","(Sociabilité) mètres","(Bonus d’Intelligence) alliés","(Bonus de Sociabilité) Rounds","Vos Prières exaltantes inspirent la discipline et la coordination à l’intérieur de vos rangs. Les cibles affectées gagnent +1 Talent Coude-à-coude.","","","","","","","","","","","","","","","","","","","","",""
"Lance de Myrmidia","Vous","Vous","(Bonus de Sociabilité) Rounds","Si vous portez une lance, elle gagne l’Atout Percutante, et est considérée comme Magique.","","","","","","","","","","","","","","","","","","","","",""
"Œil de l’aigle","(Sociabilité) mètres","Vous","(Bonus de Sociabilité) Rounds","Vous faites appel à Myrmidia pour envoyer un Serviteur divin vous accordant la connaissance de vos ennemis. Un aigle spectral se manifeste, planant dans le ciel au-dessus. L’aigle ressemble et possède les capacités d’un aigle normal, mais ne peut pas physiquement affecter le monde, ou être blessé en aucune manière. Pendant que le Miracle est actif, vous pouvez voir à travers les yeux de l’aigle et contrôler son vol, surveillant le champ de bataille et espionnant vos ennemis. Votre vision est perçante, mais vous n’avez accès à aucun de vos propres Talents, tels que Vision nocturne. Pendant que vous regardez à travers les yeux de l’aigle, vous ne pouvez pas le faire par vos propres yeux, ce qui vous laisse potentiellement vulnérable.","","","","","","","","","","","","","","","","","","","","",""
"Soleil flamboyant","Vous","Zone d’Effet","Instantanée","Vous faites appel à Myrmidia pour épurer le champ de bataille d’ennemis peu honorables, un éclair aveuglant de lumière dorée jaillit alors. Tous les non Myrmidiens qui regardent dans votre direction reçoivent 1 État Aveuglé. Pour chaque +2 DR, ils reçoivent +1 État Aveuglé.","","","","","","","","","","","","","","","","","","","","",""
"Commander la Légion","Voir texte","Tout allié","1 Round","Myrmidia porte vos ordres à travers le champ de bataille. Vous pouvez émettre un ordre à un allié dans votre ligne de vue. L'ordre doit être pertinent à la réalisation d'une lutte armée ou d'une stratégie en cours. Tout Test de Commandement que vous effectuez bénéficie d'un bonus de +10.","","","","","","","","","","","","","","","","","","","","",""
"Effrayer l'Ennemi","Vous","Vous","1 Round","Vous incarnez Myrmidia dans son aspect le plus courroucé. Gagnez le Trait de Créature Terreur 1.","","","","","","","","","","","","","","","","","","","","",""
"En Bon Ordre","Soi-même","Alliés dans la zone d'effet (Bonus de Force Mentale en mètres)","Bonus de Force Mentale en Rounds","Sachant que la situation est désespérée, vous priez pour que vos forces ne souffrent pas d'une déroute catastrophique. Tant que le miracle est actif, vos alliés peuvent rompre le combat sans permettre à l'ennemi d'en profiter pour attaquer gratuitement ou obtenir un avantage.","","","","","","","","","","","","","","","","","","","","",""
"Connaître son Ennemi","Bonus de Volonté en mètres","1","Instantané","Vous appelez Myrmidia à vous informer des forces et faiblesses d'un ennemi proche. Le MJ doit vous permettre d’examiner le profil, les traits, compétences et talents de la cible.","","","","","","","","","","","","","","","","","","","","",""
"Sur un Terrain Mortel","Soi-même","Alliés dans la zone d'effet (Bonus de Volonté en mètres)","Bonus de Force Mentale en Rounds","Sachant que la victoire ne peut être obtenue que si vos forces tiennent bon, vous appelez Myrmidia pour bannir toute idée de retraite dans l'esprit de vos alliés. Tant que le miracle est actif, vos alliés ne reçoivent pas la Condition Brisé.","","","","","","","","","","","","","","","","","","","","",""
"Attaque Rapide","Vous","Vous","3 Rounds","Infusé par le pouvoir de Myrmidia, vous bénéficiez de réflexes accrus et pouvez anticiper les mouvements de votre adversaire. Au début de chaque Round tant que le miracle est actif, vous pouvez tenter un Test d'Initiative Difficile (+0) pour obtenir une attaque gratuite en dehors de la séquence normale. Cette attaque se fait avec l'arme que vous portez dans votre main principale.","","","","","","","","","","","","","","","","","","","","",""
"Dévotion de la Guerrière","36 mètres","Voir texte","4 Rounds","Vos prières chantées remplissent le cœur des fidèles avec l'intrépidité de ses plus braves guerrières. Tous les Myrmidiens à portée gagnent le Talent Intrépide (Ennemi). Cet ennemi peut être un individu spécifique ou une espèce particulière.","","","","","","","","","","","","","","","","","","","","",""
"Compétence Martiale","24 mètres","Voir texte","4 Rounds","Vous incarnez chez vos alliés l’habileté martiale de Myrmidia. Tant que ce miracle est actif, tous les alliés à portée bénéficient d'un bonus de +10 à leur CC et CT.","","","","","","","","","","","","","","","","","","","","",""
"Vindicte Vengeresse","Vous","Vous","6 Rounds","Vous êtes empli de l'indignation vertueuse de Myrmidia. Tant que ce miracle est actif, vous devez charger et attaquer l'ennemi impénitent le plus proche. Vous pouvez relancer tous vos jets de compétence de Mêlée tant que le miracle est actif.","","","","","","","","","","","","","","","","","","","","",""