"Nom","Effet","Identifiant","Type","Paramètre","Nom EN","Version retenue","Source","Autre édition","Anciens noms","Remarque","",""
"À Enroulement","Les Tests de Corps à corps pour s'opposer à une attaque de cette arme subissent -1 DR.","a-enroulement","Atout d'arme","","Wrap","V5","Livre de base V5 EN p.305","V4 identique.","A enroulement","","",""
"À Poudre noire","La cible doit réussir un Test de Calme Accessible (+2 DR) ou subir 1 état Brisé, même si le tir la rate.","a-poudre-noire","Atout d'arme","","Blackpowder","V5","Livre de base V5 EN p.304","V4 : Calme Accessible (+20).","Poudre Noire","Les armes à poudre noire et d'ingénierie ont aussi Dévastatrice (LdB FR p.295).","",""
"À répétition X","Contient X tirs ; l'arme se recharge automatiquement après chaque tir. Une fois les X tirs dépensés, il faut la recharger entièrement selon les règles normales.","a-repetition","Atout d'arme","X = nombre de tirs","Repeater","V5","Livre de base V5 EN p.305","V4 identique.","Répétition X","Poivrière : « À répétition 4* », astérisque sans renvoi dans le Drive.","",""
"Assommante","Si une touche à la Tête fait perdre au moins autant de Blessures que le Bonus d'Endurance de la cible, celle-ci subit 1 état Sonné.","assommante","Atout d'arme","","Pummel","V5","Livre de base V5 EN p.305","V4 : touche à la Tête → Test opposé Force/Résistance ; si l'attaquant gagne, 1 état Sonné.","","","",""
"Bâclé","Se casse sur tout Test raté utilisant l'objet qui donne un double. Une armure Bâclée est cassée par tout Coup critique subi sur une localisation qu'elle protège.","bacle","Défaut d'objet","","Shoddy","V5","Livre de base V5 EN p.299","V4 identique.","","Qualité de fabrication, valable pour toute arme ou armure.","",""
"Carreau barbelé","Si la cible subit des Dégâts : Test d'Esquive Intermédiaire (+0 DR), sinon elle est ancrée : À Terre et traînée de 1d10 yards vers le tireur pendant son Round. Retirer le carreau : Test Difficile (-2 DR), +1 Blessure.","carreau-barbele","Atout d'arme","","Barbed Bolt","V5 supplément","Temple of Spite p.58","","","Compétence du Test de retrait non précisée ; les dégâts de traînage renvoient à Enemy in Shadows Companion p.26 (absent du corpus).","",""
"Croche-pied","Après avoir touché, vous pouvez dépenser 2 Avantage pour un Test opposé Force contre Athlétisme. Si vous l'emportez, la cible subit l'état À Terre (un cavalier chute d'abord de 2 yards).","croche-pied","Atout d'arme","","Trip","V4 supplément","Up in Arms p.89","","Croche-Pied","","",""
"Dangereuse","Tout Test raté avec un 9 sur le dé des dizaines ou des unités provoque une Maladresse.","dangereuse","Défaut d'arme","","Dangerous","V5","Livre de base V5 EN p.305","V4 identique.","","","",""
"Défensive","+1 DR aux Tests de Corps à corps pour s'opposer à une attaque. Une seule arme Défensive compte à la fois ; Déséquilibrée l'emporte.","defensive","Atout d'arme","","Defensive","V5","Livre de base V5 EN p.304","V4 identique.","","","",""
"Déséquilibrée","-1 DR pour s'opposer à une attaque avec cette arme.","desequilibree","Défaut d'arme","","Unbalanced","V5","Livre de base V5 EN p.305","V4 (Up in Arms p.89) identique.","","","",""
"Dévastatrice","Sur une touche, les Dégâts utilisent le plus élevé entre le DR et le dé des unités. Inoffensive l'annule.","devastatrice","Atout d'arme","","Damaging","V5","Livre de base V5 EN p.304","V4 identique.","","","",""
"Dispersion X","Bout portant : 1 cible, Dégâts +X. Portée courte à longue : la cible plus les X créatures visibles les plus proches, sans deux cibles à plus de X yards l'une de l'autre. Portée extrême : même sélection, Dégâts -X.","dispersion","Atout d'arme","X = Dégâts, cibles et distance en yards","Spread","V4 supplément","Up in Arms p.89","","","Ne pas confondre avec Explosion. Certaines munitions écrivent « Dispersion +X » : modification de la valeur de l'arme.","",""
"Empaleuse","Coup critique sur un double ou un multiple de 10 obtenu en réussissant le Test. À distance, le projectile reste fiché : Guérison Intermédiaire (+0 DR) pour une flèche ou un carreau, chirurgien pour une balle ; chaque projectile non retiré empêche de guérir 1 Blessure.","empaleuse","Atout d'arme","","Impale","V5","Livre de base V5 EN p.304","V4 identique.","","Couteau Bollock : « Empaleuse* » = seulement si la cible est Surprise ou À Terre (Up in Arms p.91).","",""
"Enflammée","Pas de règle générale dans les sources : appliquer l'effet décrit dans le profil de l'arme.","enflammee","Particularité","","Ablaze","V4 supplément","The Imperial Zoo p.94","","","Seul usage : Lance-feu à malepierre. Nombre d’états non donné.","",""
"Entaille X","Si l'attaque inflige des Dégâts critiques, ajoute 1 état Hémorragique au Critique ; vous pouvez dépenser X Avantage pour infliger 1 état Hémorragique supplémentaire.","entaille","Atout d'arme","X = coût en Avantage","Slash","V4 supplément","Up in Arms p.89","V5 (Temple of Spite p.58, profils druchii sans X) : on perd son Momentum au lieu de dépenser X Avantage.","Taille (1A), Taille (2A), Tranche (2A)","Le « A » des anciens noms signifie Avantage, pas « à deux mains ». Distinct de Taille.","",""
"Épuisante","Percutante et Dévastatrice ne s'appliquent que pendant un Round où le porteur a chargé.","epuisante","Défaut d'arme","","Tiring","V4","Livre de base FR (V4) p.299","Absent de V5.","Fatigante, Epuisante","Ne confère pas d'état Exténué.","",""
"Équipage X","Nécessite X servants formés au Tir de l'arme ; un seul tire. Manque 1 servant : Rechargement doublé ; manque 2 : l'arme gagne Imprécise ; manque 3 : elle gagne Dangereuse (cumulatif). Défaut déjà présent : -10 au Tir. Les servants peuvent aider au Rechargement ; un incident touche tous les servants.","equipage","Défaut d'arme","X = nombre de servants","Crewed","V4 supplément","Up in Arms p.125","","","Variantes : Tribes and Tribulations p.41 remplace Dangereuse par Bâclé ; Dwarf Player's Guide p.90 diffère pour les incidents.","",""
"Explosion X","Chaque personnage à X mètres ou moins du point touché subit DR + Dégâts de l'arme et les états qu'elle inflige.","explosion","Atout d'arme","X = rayon en mètres","Blast","V4","Livre de base FR (V4) p.298","V5 (p.304) : diamètre de X yards, sans ajout du DR.","Souffle X","Version V4 retenue : les valeurs des profils sont à l'échelle V4 (voir Points à trancher).","",""
"Flexible","Peut se porter sous une armure non Flexible ; les deux protections s'appliquent.","flexible","Atout d'armure","","Flexible","V5","Livre de base V5 EN p.306","V4 identique.","","","",""
"Immobilisante","Une touche inflige 1 état Empêtré de Force égale à celle du porteur. Tant que dure l'entrave, l'arme ne peut servir à rien d'autre ; le porteur peut y mettre fin à tout moment.","immobilisante","Atout d'arme","","Entangle","V4","Livre de base FR (V4) p.298","V5 : remplacé par Inflige (état et Force précisés par chaque arme).","Entrave","Cape et Filet ont une Force fixe (25 et 55, Up in Arms pp.95-96).","",""
"Impénétrable","Ignore les Coups critiques causés par un jet pour toucher impair (11, 33…).","impenetrable","Atout d'armure","","Impenetrable","V5","Livre de base V5 EN p.306","V4 identique.","","","",""
"Imprécise","-1 DR pour attaquer avec cette arme. L'emporte sur Pointue.","imprecise","Défaut d'arme","","Imprecise","V5","Livre de base V5 EN p.305","V4 FR : annule Précise.","","","",""
"Incassable","Ne se casse, ne se corrode et ne s'émousse presque jamais.","incassable","Atout d'arme","","Unbreakable","V5","Livre de base V5 EN p.305","V4 identique.","","","",""
"Inoffensive","Les PA sont doublés contre cette arme ; pas de Blessure minimale automatique ; pour une Blessure critique, lancer deux fois et garder le résultat le plus bas. Annule Percutante et Dévastatrice.","inoffensive","Défaut d'arme","","Undamaging","V5","Livre de base V5 EN p.305","V4 : sans le double jet de Critique.","","","",""
"Laid","Attire une attention négative ; les Tests de Sociabilité concernés peuvent subir -1 DR.","laid","Défaut d'objet","","Ugly","V5","Livre de base V5 EN p.299","V4 : -10.","","Malus éventuel, pas automatique.","",""
"Léger","Encombrement réduit de 1.","leger","Atout d'objet","","Lightweight","V5","Livre de base V5 EN p.298","V4 identique.","","","",""
"Lente","Frappe toujours en dernier dans le Round ; les adversaires ont +1 DR pour se défendre contre ses attaques.","lente","Défaut d'arme","","Slow","V4","Livre de base FR (V4) p.299","Absent de V5.","Lent","Annule Rapide (V4).","",""
"Magique","Peut blesser les créatures immunisées aux attaques non magiques.","magique","Atout d'arme","","Magical","V5","Livre de base V5 EN p.304","","","Ne pas confondre avec le Trait de créature Magique.","",""
"Malepierre","Une cible blessée doit faire un Test de Corruption mineure (Moyen +20 pour la Mitrailleuse Ratling ; difficulté non indiquée pour le Jezzail et le Pistolet).","malepierre","Particularité","","Warpstone","V4 supplément","The Imperial Zoo p.94","","","Propriété d'armes skavens, pas un mot-clé universel. Ne rend pas l'arme Magique.","",""
"Nécessite une sous-armure","Ne peut être portée qu'avec une sous-armure (Soft Kit).","necessite-une-sous-armure","Défaut d'armure","","Requires Kit","V4 supplément","Archives of the Empire III p.36","","","","",""
"Parade","En défense, annule la pénalité de -2 DR de la main non directrice. En combat à deux armes, si la première attaque touche, la seconde faite avec l'arme Parade ne peut pas être opposée.","parade","Atout d'arme","","Parry","V5","Livre de base V5 EN p.304","Absent de V4 (Parade y est un groupe d’armes).","","","",""
"Partielle","Si le numéro de localisation de la touche est pair, les PA de cette armure sont ignorés.","partielle","Défaut d'armure","","Partial","V5","Livre de base V5 EN p.306","V4 : PA ignorés si le jet pour toucher est pair ou sur un Coup critique.","","","",""
"Percutante","Sur une touche, ajoute le dé des unités du jet d'attaque aux Dégâts. Inoffensive l'annule.","percutante","Atout d'arme","","Impact","V4","Livre de base FR (V4) p.298","Absent de V5.","Impact","","",""
"Perforante","Ignore 2 PA.","perforante","Atout d'arme","","Penetrating","V5","Livre de base V5 EN p.305","V4 : ignore les armures non métalliques et le premier PA des autres.","Pénétrante","","",""
"Perturbante","Au lieu d'infliger des Dégâts, une attaque réussie peut faire reculer la cible d'1 mètre par DR du Test opposé.","perturbante","Atout d'arme","","Distract","V4","Livre de base FR (V4) p.298","Absent de V5.","","Distinct de À Enroulement.","",""
"Peu fiable","Un Test raté utilisant l'objet subit -1 DR ; les pénalités de port d'armure sont doublées.","peu-fiable","Défaut d'objet","","Unreliable","V5","Livre de base V5 EN p.299","V4 identique.","","","",""
"Piège-lame","Sur un Critique en défense contre une arme à lame, si votre Taille est au moins égale à celle de l'adversaire, vous pouvez piéger la lame au lieu du Critique : l'adversaire la lâche. Avec le Talent Désarmement, perdez votre Momentum pour la saisir de la main libre. Pour la briser : Test de Force Très difficile (-3 DR) + DR du Test de Corps à corps, sauf si elle est Incassable.","piege-lame","Atout d'arme","","Trap Blade","V5","Livre de base V5 EN p.305","V4 : Test opposé de Force ; un Succès Stupéfiant brise la lame.","Attrape-lame","","",""
"Pistolet","Peut attaquer en mêlée, sans modificateur de portée ; l'attaque peut être opposée comme une attaque de mêlée.","pistolet","Atout d'arme","","Pistol","V5","Livre de base V5 EN p.305","V4 identique sur le fond.","","","",""
"Points faibles","Un Critique infligé par une arme Empaleuse ignore les PA de cette armure.","points-faibles","Défaut d'armure","","Weakpoints","V5","Livre de base V5 EN p.306","V4 identique.","","","",""
"Pointue","+1 DR à tout Test réussi pour attaquer avec cette arme. Imprécise l'emporte.","pointue","Atout d'arme","","Precise","V5","Livre de base V5 EN p.305","V4 identique.","Précise (sur les 7 armes dont le profil anglais indique Precise)","À ne pas confondre avec Précise (+10). Couteau Bollock : « Pointue* » = seulement si la cible est Surprise ou À Terre.","",""
"Pratique","Un Test raté utilisant l'objet gagne +1 DR ; les pénalités de port d'armure sont réduites d'un niveau (-3 DR → -2 DR).","pratique","Atout d'objet","","Practical","V5","Livre de base V5 EN p.298","V4 : exprimé en % (-30 → -20).","","","",""
"Précise","+10 à tout Test effectué avec cette arme.","precise","Atout d'arme","","Accurate","V4","Livre de base FR (V4) p.298","Absent de V5.","","À ne pas confondre avec Pointue (+1 DR). Baliste navale : profil source non retrouvé, identité à confirmer.","",""
"Protectrice X","Quand l'arme sert à s'opposer à une attaque, elle confère X PA à toutes les localisations. Avec X ≥ 2, elle peut aussi s'opposer aux projectiles tirés dans sa ligne de vue.","protectrice","Atout d'arme","X = PA","Shield","V4","Livre de base FR (V4) p.298","V5 : Bouclier devient un atout d’armure, les PA passent dans la colonne PA.","Bouclier X","Version V4 retenue (voir Points à trancher).","",""
"Raffiné X","Signe de statut : l'objet est d'autant plus impressionnant que X est élevé. Aucun effet chiffré.","raffine","Atout d'objet","X = nombre de fois où l’atout est pris","Fine","V5","Livre de base V5 EN p.298","V4 identique.","Fine X","","",""
"Rapide","+2 en Initiative de combat pour attaquer avec cette arme ; perdu si l'arme sert au combat à deux armes.","rapide","Atout d'arme","","Fast","V5","Livre de base V5 EN p.304","V4 : attaque hors de l'ordre d'Initiative ; -10 aux Tests de Corps à corps pour s'en défendre avec une arme non Rapide.","","","",""
"Recharge X","Recharger demande un Test étendu de Projectiles (groupe de l'arme) totalisant X DR ; une interruption remet la progression à zéro.","recharge","Défaut d'arme","X = DR à cumuler","Reload","V4","Livre de base FR (V4) p.299","V5 (p.305) : X Actions.","Rechargement X","Version V4 retenue : les valeurs des profils (jusqu'à 12) sont à l'échelle V4 (voir Points à trancher).","",""
"Renforcée","Une sous-armure renforcée de mailles portée sous des plates leur retire le défaut Points faibles.","renforcee","Atout d'armure","","Reinforced","V4 supplément","Archives of the Empire III p.36","","","","",""
"Salve X","Peut tirer jusqu'à X fois sans recharger, chaque tir consomme 1 point. Plusieurs tirs dans le même Tour : -10 cumulatif au Tir après le premier. Chaque Rechargement réussi rend 1 point de Salve.","salve","Atout d'arme","X = nombre de tirs","Salvo","V4 supplément","Up in Arms p.123","","","Incidents : table Up in Arms p.126. Profils druchii (Temple of Spite, V5) : Dégâts réduits en Salve (+9 au lieu de +12, +8 au lieu de +10).","",""
"Siège","Double les Dégâts contre les structures (murs, tours, portes).","siege","Atout d'arme","","Siege","V4 supplément","Archives of the Empire II p.89","","","","",""
"Solide X","Absorbe X points de dommages d'objet avant pénalités. Sauvegarde contre la casse instantanée sur 9+ au d10 pour X = 1, seuil réduit de 1 par point supplémentaire (X = 3 : 7+).","solide","Atout d'objet","X = points de dommages absorbés","Durable","V5","Livre de base V5 EN p.298","V4 identique.","Durable X","","",""
"Superposable","Se porte par-dessus le cuir ou la maille (brigandine, plastron) ; un plastron ainsi porté ne se combine pas avec une sous-armure.","superposable","Atout d'armure","","Overcoat","V4 supplément","Archives of the Empire III p.36","","","","",""
"Taille","Chaque touche endommage de 1 point la pièce d'armure ou le bouclier frappé, avant d'appliquer les Dégâts.","taille","Atout d'arme","","Hack","V5","Livre de base V5 EN p.304","V4 identique, sans préciser l’ordre.","Tranche, Taille X","Toujours 1 point. Distinct d'Entaille.","",""
"Visière","Ouvrir ou fermer : 1 Action. Fermée : le casque fonctionne selon son profil. Ouverte : il perd ses propriétés de conception, gagne Partielle et donne -10 en Perception.","visiere","Atout d'armure","","Visor","V4 supplément","Archives of the Empire III p.36","","","Le malus de Perception visière ouverte est bien celui du livre.","",""
"Volée X","Tire X projectiles simultanés, chacun avec son propre jet pour toucher ; Dégâts réduits de 4 en mode Volée.","volee","Atout d'arme","X = nombre de projectiles","Volley","V4 supplément","Lustria p.89","","","Distinct de Salve.","",""
"Volumineux","+1 Encombrement ; vêtements et armures portés restent à Enc 1. Normalement pas pour les petits objets.","volumineux","Défaut d'objet","","Bulky","V5","Livre de base V5 EN p.299","V4 : double aussi les pénalités de Fatigue.","","","",""