"Nom du Talent","Résumé précis de l'effet","Limite d'achat","Source(s)","","","","","","","","","","","","","","","","","","","","","",""
"Acrobaties équestres (Trick Rider)","À cheval, vous pouvez utiliser toutes vos compétences de Représentation et votre compétence Esquive sans modification.","1","Livre de base V5, p. 128 ; achat : p. 191","","","","","","","","","","","","","","","","","","","","","",""
"Affable (Suave)","+5 en Sociabilité, sans compter comme Augmentations.","1","Livre de base V5, p. 127 ; achat : p. 191","","","","","","","","","","","","","","","","","","","","","",""
"Affinité avec les animaux (Animal Affinity)","Les animaux sauvages vous considèrent généralement comme un élément inoffensif de leur environnement et ne vous attaquent normalement pas tant que vous ne vous montrez pas agressif.","1","Livre de base V5, p. 114 ; achat : p. 191","","","","","","","","","","","","","","","","","","","","","",""
"Ambidextre (Ambidextrous)","Vous ignorez la pénalité de −2 DR aux Tests reposant uniquement sur votre main secondaire, y compris les attaques avec une arme tenue dans cette main.","1","Livre de base V5, p. 114 ; achat : p. 191","","","","","","","","","","","","","","","","","","","","","",""
"Âme pure (Pure Soul)","Vous pouvez accumuler deux fois le nombre normal de Points de Corruption avant de devoir effectuer un Test pour résister à la mutation.","1","Livre de base V5, p. 124 ; achat : p. 191","","","","","","","","","","","","","","","","","","","","","",""
"Artilleur (Gunner)","Avec une arme à Poudre noire, d’Ingénierie ou Explosive, vous ignorez le Défaut Dangereuse.","1","Livre de base V5, p. 120 ; achat : p. 191","","","","","","","","","","","","","","","","","","","","","",""
"Artiste [Forme d’art] (Artistic)","Choisissez une forme d’art : vous pouvez toujours augmenter Art même hors carrière et bénéficiez d’Avantage V5 aux Tests d’Art dans cette forme. Répétable avec une nouvelle forme d’art à chaque acquisition ; une acquisition par choix.","Sans limitation","Livre de base V5, p. 115 ; achat : p. 191","","","","","","","","","","","","","","","","","","","","","",""
"Arts martiaux (Martial Arts)","Vos attaques à mains nues perdent Inoffensive. Chaque acquisition après la première donne accès à un Atout parmi Dévastatrice, Défensive, Perturbante, Rapide, Pénétrante, Précise et Assommante. Au début du combat ou de votre Tour, choisissez un Atout connu à utiliser jusqu’à votre prochain Tour.","Bonus de Capacité de Combat","High Elf Player’s Guide (V4), p. 68","","","","","","","","","","","","","","","","","","","","","",""
"Assaut féroce (Furious Assault)","Une fois par Round, après avoir touché un adversaire au Corps à corps, vous pouvez immédiatement perdre votre Momentum pour effectuer une attaque supplémentaire.","1","Livre de base V5, p. 120 ; achat : p. 191","","","","","","","","","","","","","","","","","","","","","",""
"Assistant animal (Animal Assistant)","Réservé aux familiers de pouvoir animaux. Vous pouvez assister le lanceur de sorts lié à votre âme pour Focalisation, Langue (Magick), Survie en extérieur et les Tests de Perception de nature magique. Chaque assistant donne le bonus normal de +10, même sans connaître la Compétence.","1","Archives of the Empire 3 (V4), p. 81","","","","","","","","","","","","","","","","","","","","","",""
"Assistant magique (Magical Assistant)","Réservé aux Familiers de Pouvoir ; aucune autre espèce ne peut l’acquérir. Le familier aide son créateur aux Tests de Focalisation, Savoir (Magie), Langue (Magick), ainsi qu’aux Tests de Recherche portant sur une découverte ou innovation magique. Bonus d’assistance +20 au lieu de +10.","1","Winds of Magic (V4), p. 186","","","","","","","","","","","","","","","","","","","","","",""
"Attirant (Attractive)","Sur un Test de Charme réussi pour influencer une personne attirée par vous, choisissez entre les DR obtenus et le chiffre des unités de votre jet.","1","Livre de base V5, p. 115 ; achat : p. 191","","","","","","","","","","","","","","","","","","","","","",""
"Baratiner (Blather)","Pris en faute, effectuez un Test opposé Charme/Calme : un succès convainc la cible pendant un Tour ou une minute par DR, selon la situation. Si vos DR dépassent son Bonus de Force Mentale, elle reste convaincue jusqu’à ce qu’un tiers lui montre l’incohérence.","1","Livre de base V5, p. 115 ; achat : p. 191","","","","","","","","","","","","","","","","","","","","","",""
"Battement (Beat Blade)","Après une attaque de Corps à corps réussie, renoncez aux Dégâts : jusqu’à la fin de votre prochain Tour, la cible ne peut plus opposer une Compétence de Corps à corps et les attaques de Corps à corps contre elle ont Avantage V5. Elle peut encore Esquiver. Inefficace contre une cible plus grande que vous.","1","Livre de base V5, p. 115 ; achat : p. 191","","","","","","","","","","","","","","","","","","","","","",""
"Bénédiction de Lileath (Lileath's Blessing)","+1 DR par acquisition aux Tests réussis de Focalisation (Qhaysh). Chaque acquisition permet d’ignorer une fois la limite qui réserve normalement le bénéfice au meilleur de plusieurs sorts donnant le même bonus : vous pouvez cumuler une source supplémentaire de ce bonus. S’applique aux sorts de Haute Magie et de magie de couleur.","Bonus d’Initiative","High Elf Player’s Guide (V4), p. 83","","","","","","","","","","","","","","","","","","","","","",""
"Béni [Savoir divin] (Bless)","Vous connaissez toutes les Bénédictions de la divinité choisie ; une seule divinité normalement. Incompatible dans les deux sens avec Focalisation, Magie des Arcanes, Magie du Chaos, Résistance à la Magie, Magie mineure et Sorcier !. Désapprentissage : 100 PX, perte des Bénédictions et éventuelle défaveur divine décidée par le MJ.","1","Livre de base V5, p. 116 ; achat : p. 191","","","","","","","","","","","","","","","","","","","","","",""
"Béni par Isha (Blessed by Isha)","Réservé aux Elfes ayant reçu la bénédiction de l’Éternelle Reine à Ulthuan (Asur) ou d’Ariel à Athel Loren (Asrai), après leur noviciat d’Isha. Permet d’apprendre Haute Magie (High Magic).","1","High Elf Player’s Guide (V4), p. 83","","","","","","","","","","","","","","","","","","","","","",""
"Bon marcheur [Terrain] (Striding Gait)","Ignorez toutes les pénalités de mouvement du terrain choisi. Dans ce terrain, +2 DR à tous les Tests de poursuite. Une acquisition par terrain ; chaque nouvel achat choisit un autre terrain (littoral, désert, rocheux, toundra, zones humides, forêt…).","Sans limitation","Livre de base V5, p. 127 ; achat : p. 191","","","","","","","","","","","","","","","","","","","","","",""
"Bonnes jambes (Strong Legs)","Sur un Test d'Athlétisme réussi pour sprinter ou bondir, choisissez les DR obtenus ou la valeur du dé des unités.","1","Livre de base V5, p. 127 ; achat : p. 191","","","","","","","","","","","","","","","","","","","","","",""
"Bricoleur (Tinker)","Toutes les compétences de Métier comptent comme Base pour réparer. Avec au moins 1 Augmentation dans le Métier approprié, vos réparations bénéficient d'Avantage V5 et prennent deux fois moins de temps.","1","Livre de base V5, p. 127 ; achat : p. 191","","","","","","","","","","","","","","","","","","","","","",""
"Brouet (Stone Soup)","Si un membre du groupe fait un Test de recherche de nourriture, il trouve toujours de quoi vous nourrir en plus des personnes normalement nourries par son résultat, même si le Test échoue.","1","Livre de base V5, p. 126 ; achat : p. 191","","","","","","","","","","","","","","","","","","","","","",""
"Caïd (Kingpin)","Criminel ne fait plus naître les soupçons des représentants de la loi et ne vous interdit plus certaines Carrières. La plupart des autres criminels vous respectent, sauf ceux suffisamment préparés qui visent votre position.","1","Livre de base V5, p. 121 ; achat : p. 191","","","","","","","","","","","","","","","","","","","","","",""
"Cavalier émérite (Roughrider)","Avec la compétence Chevaucher, vous dirigez votre monture pour une Action et un Mouvement sans Test. Si un Test de Chevaucher est requis, vous le faites avec Avantage V5. En poursuite montée, +1 au Mouvement de l'animal.","1","Livre de base V5, p. 125 ; achat : p. 191","","","","","","","","","","","","","","","","","","","","","",""
"Chanceux (Luck)","+1 au maximum de points de Chance par acquisition, jusqu’à +3 avec trois acquisitions.","3","Livre de base V5, p. 122 ; achat : p. 191","","","","","","","","","","","","","","","","","","","","","",""
"Charge berserk (Berserk Charge)","Lorsque vous Chargez, ajoutez +2 Dégâts à votre frappe.","1","Livre de base V5, p. 115 ; achat : p. 191","","","","","","","","","","","","","","","","","","","","","",""
"Chat de gouttière (Alley Cat)","Avantage V5 aux Tests de Discrétion (Urbaine). Dans une ville connue, vous déterminez sans Test le trajet le plus rapide ou le moins visible.","1","Livre de base V5, p. 114 ; achat : p. 191","","","","","","","","","","","","","","","","","","","","","",""
"Chirurgie (Surgery)","Sur un Test de Guérison réussi hors combat, choisissez les DR obtenus ou la valeur du dé des unités. Vous pouvez traiter les Blessures critiques qui nécessitent Chirurgie, selon leurs effets pp. 172–179.","1","Livre de base V5, p. 127 ; achat : p. 191","","","","","","","","","","","","","","","","","","","","","",""
"Claquer le fouet (Crack the Whip)","Avec Conduite d’attelage, vous dirigez les animaux du véhicule pour une Action et un Mouvement sans Test. Si un Test de Conduite est requis, il bénéficie d’Avantage V5. En poursuite avec le véhicule, ajoutez +1 au Mouvement des animaux.","1","Livre de base V5, p. 117 ; achat : p. 191","","","","","","","","","","","","","","","","","","","","","",""
"Cœur vaillant (Stout-hearted)","La première fois d'une rencontre que vous recevez un ou plusieurs états Brisé, vous en recevez un de moins.","1","Livre de base V5, p. 126 ; achat : p. 191","","","","","","","","","","","","","","","","","","","","","",""
"Combat déloyal (Dirty Fighting)","Après un Coup ciblé au Corps avec une frappe à mains nues qui inflige des Blessures, vous pouvez renoncer aux Dégâts normaux pour infliger la Blessure critique Low Blow ! (Coup bas), qui inflige 1 Blessure et 1 État Sonné (p. 175).","1","Livre de base V5, p. 118 ; achat : p. 191","","","","","","","","","","","","","","","","","","","","","",""
"Combat instinctif (Combat Reflexes)","Quand vous lancez les dés d’Initiative de combat, lancez deux fois et choisissez votre résultat.","1","Livre de base V5, p. 117 ; achat : p. 191","","","","","","","","","","","","","","","","","","","","","",""
"Combattant au contact (In-fighter)","Les adversaires n’obtiennent aucun bonus pour vous défendre avec une arme plus longue. Pour votre Action, un Test opposé de Corps à corps permet d’imposer le combat au contact ; le vainqueur choisit de l’appliquer ou de conserver le combat normal. Au contact, toute arme plus longue que Courte compte comme arme improvisée. Au début de son Tour, l’adversaire peut perdre son Momentum pour mettre fin au contact.","1","Livre de base V5, p. 121 ; achat : p. 191","","","","","","","","","","","","","","","","","","","","","",""
"Combattant en espace clos (Enclosed Fighter)","Vous ignorez les pénalités de Corps à corps dues à un espace exigu (tunnel, première ligne, petite fosse, etc.). Vous pouvez aussi Esquiver même si le manque d’espace l’interdirait normalement.","1","Livre de base V5, p. 119 ; achat : p. 191","","","","","","","","","","","","","","","","","","","","","",""
"Commandant d'Équipage (Crew Commander)","Pour une arme à équipage à portée de voix, réussissez un Test de Commandement Intermédiaire (+0) : l’équipage utilise votre Compétence de Projectiles. Dwarf Player’s Guide : cela prend une Action et ne vaut que pour la prochaine attaque. Up in Arms : aucune durée n’est précisée et le texte emploie Crewed Quality là où la rubrique Tests dit Crewed Flaw. Ajoutez +1 DR par acquisition aux Tests de Projectiles réussis pour tirer avec une arme Crewed.","Bonus d’Initiative","Up in Arms (V4), p. 140 ; Dwarf Player’s Guide (V4), p. 79","","","","","","","","","","","","","","","","","","","","","",""
"Concocter (Concoct)","Une fois par séance, bénéficiez d’une Activité Artisanat gratuite pour Métier (Apothicaire, Herboriste ou Empoisonneur) sans Atelier ; outils et matières premières restent nécessaires. La création expire au début de la prochaine période de repos, même si elle n’a pas été achevée.","1","Livre de base V5, p. 117 ; achat : p. 191","","","","","","","","","","","","","","","","","","","","","",""
"Contorsionniste (Contortionist)","Vous pouvez vous glisser dans des ouvertures normalement difficiles ou impossibles, à l’appréciation du MJ. Avantage V5 aux Tests d’Athlétisme pour vous libérer de liens.","1","Livre de base V5, p. 117 ; achat : p. 191","","","","","","","","","","","","","","","","","","","","","",""
"Contrôle de la Frénésie (Battle Rage)","Si un autre effet vous permet d’entrer en Frénésie, vous le faites sans Test. Lorsque vous quittez la Frénésie, vous ne recevez pas d’État Exténué.","1","Livre de base V5, p. 115 ; achat : p. 191","","","","","","","","","","","","","","","","","","","","","",""
"Coopératif (Supportive)","Ignorez la pénalité de Charme envers un échelon de statut supérieur. Avantage V5 aux Tests de Charme pour vous attirer les bonnes grâces des personnes de statut supérieur.","1","Livre de base V5, p. 127 ; achat : p. 191","","","","","","","","","","","","","","","","","","","","","",""
"Costaud (Sturdy)","Pour calculer votre capacité d'Encombrement, comptez votre Bonus de Force deux fois.","1","Livre de base V5, p. 127 ; achat : p. 191","","","","","","","","","","","","","","","","","","","","","",""
"Coude-à-coude (Drilled)","Les alliés peuvent se Désengager librement d’un adversaire avec lequel vous êtes aussi Engagé. Pendant votre Tour, vous pouvez perdre Momentum pour le donner à vos alliés placés au coude-à-coude avec vous et possédant aussi ce talent.","1","Livre de base V5, p. 119 ; achat : p. 191","","","","","","","","","","","","","","","","","","","","","",""
"Coup puissant (Strike Mighty Blow)","+1 dégât avec les armes de corps à corps, ou +2 si l'attaque a été effectuée avec Avantage V5.","1","Livre de base V5, p. 127 ; achat : p. 191","","","","","","","","","","","","","","","","","","","","","",""
"Cracheur de dragon (Dragon Belcher)","Quand vous tirez avec une arme dotée de l’Atout Poudre noire, les ennemis ciblés qui échouent à leur Test de Calme reçoivent un État Brisé supplémentaire par acquisition du talent.","Bonus de Capacité de Tir","Dwarf Player’s Guide (V4), p. 79","","","","","","","","","","","","","","","","","","","","","",""
"Criminel (Criminal)","Doublez les gains d’une Activité Revenus réussie issue d’une entreprise criminelle. Les forces de l’ordre se méfient de vous et les criminels vous reconnaissent. Vous ne pouvez entrer dans une carrière dont le parcours ne contient pas Criminel. Avec l’accord du MJ, 100 PX permettent de retirer ce talent.","1","Livre de base V5, p. 117 ; achat : p. 191","","","","","","","","","","","","","","","","","","","","","",""
"Danse des épées (Sword-dancing)","Apprenez Ritual of Cleansing. Chaque technique supplémentaire coûte 100 PX × nombre de techniques déjà connues. Pour une technique, faites un Test de Corps à corps (À deux mains) et atteignez son seuil de DR ; échec : perdez tous vos Avantages V4 ; échec stupéfiant : table Oops! en plus. Difficulté : Yenlui équilibré/lumineux, (+0) ; sombre, Très difficile (−30). Techniques : Cleansing (1 DR), rituel de plusieurs minutes pour déplacer Yenlui vers lumineux au lever du soleil ou sombre au coucher ; Phoenix (1), lancer de l'épée hors engagement à Bonus de Force + Bonus de Force Mentale yards, dégâts de l'arme et Pénétrante, +1 yard et +1 dégât par DR obtenu au Test ; Sun (1), +1 niveau de War Leader pendant Bonus de Force Mentale Rounds, chaque DR obtenu au Test ajoute un niveau ou un Round ; Frost (1), ignorez 1 PA pendant Bonus de Capacité de Combat Rounds, +10 aux jets de Blessure critique par DR obtenu au Test ; Storm (1), opposez les tirs avec Corps à corps (À deux mains) pendant Bonus d'Initiative Rounds, +1 Round par DR obtenu au Test ; Rain (2), +1 DR à Esquive pendant Bonus d'Agilité Rounds, chaque DR obtenu au Test ajoute +1 DR à Esquive et un Round ; Shadows of Loec (2), déplacement jusqu'à DR × Mouvement yards (minimum 5), terrain normal, ennemis auparavant engagés : Initiative (+0) ou Surpris ; Hawk (3), cible à une distance maximale de votre Bonus de Force Mentale en yards : Résistance (−10) ou 10 + DR dégâts ignorant PA mais pas Bonus d'Endurance et 2 états Assourdi, +1 yard et +1 cible par DR obtenu au Test ; Falling Water (3), une attaque contre chaque ennemi engagé à portée de l'arme, trois contre ceux avec Swarm ; Final Stroke (4), cible : Esquive Très difficile (−30) ou coup inévitable à +4 dégâts, +1 dégât par DR obtenu au Test.","1","High Elf Player’s Guide (V4), p. 68–69","","","","","","","","","","","","","","","","","","","","","",""
"Défiance magique (Magic Defiance)","Vous pouvez inverser les dés de tout Test exigé par les effets d’un sort. Une fois par aventure, dépenser 1 point de Chance annule les effets d’un sort lancé avec succès sur vous. +1 DR par acquisition aux Tests réussis de Force Mentale pour utiliser Résistance à la Magie selon les règles V4.","1","Dwarf Player’s Guide (V4), p. 80","","","","","","","","","","","","","","","","","","","","","",""
"Démolisseur / Sapeur (Demolisher)","Quand vous activez Hack, infligez +1 Dégât supplémentaire aux armures ou boucliers touchés par acquisition. Avec une arme Hack contre un ennemi à couvert : couvert lourd devient moyen, moyen devient léger, léger ne protège plus. Ajoutez +1 DR par acquisition aux Tests de Corps à corps réussis pour briser des objets avec cette arme.","Bonus de Force","Dwarf Player’s Guide (V4), p. 79","","","","","","","","","","","","","","","","","","","","","",""
"Désarmer (Disarm)","Comme attaquant en Corps à corps, si vous obtenez au moins +4 DR, renoncez aux Dégâts pour désarmer : l’arme vole de 1d10 pieds dans une direction aléatoire. Vous pouvez perdre Momentum pour l’attraper au vol. Inefficace contre une cible désarmée, attachée à son arme ou plus grande que vous.","1","Livre de base V5, p. 118 ; achat : p. 191","","","","","","","","","","","","","","","","","","","","","",""
"Destinée (Doomed)","Définissez votre Destinée avec le MJ. Si vous mourez de la manière prédite, tous les personnages alliés récupèrent immédiatement tous leurs Points de Chance et votre prochain personnage commence avec +1 Point de Destin.","1","Livre de base V5, p. 118 ; achat : p. 191","","","","","","","","","","","","","","","","","","","","","",""
"Détection d'artefact (Detect Artefact)","En touchant un objet, vous savez automatiquement s’il contient de l’énergie magique. Avec Seconde vue, un Test d’Intuition réussi permet aussi de déterminer ses pouvoirs exacts, son activation et son nombre de charges.","1","Livre de base V5, p. 117 ; achat : p. 191","","","","","","","","","","","","","","","","","","","","","",""
"Déterminé (Resolute)","Lorsque vous gagnez un état, un Test de Calme Intermédiaire (+0 DR) réussi permet de conserver votre Momentum.","1","Livre de base V5, p. 124 ; achat : p. 191","","","","","","","","","","","","","","","","","","","","","",""
"Diction instinctive (Instinctive Diction)","Si vous devez effectuer un jet sur la table des Incantations imparfaites mineures, vous pouvez réduire le résultat de 20 ; sous 01, aucun effet ne se produit. Aucun effet sur les Incantations imparfaites majeures.","1","Livre de base V5, p. 121 ; achat : p. 191","","","","","","","","","","","","","","","","","","","","","",""
"Discret (Shadow)","Si une personne que vous suivez réussit son Test de Perception pour vous repérer, choisissez : poursuivre et être repéré, ou perdre sa trace et rester inaperçu.","1","Livre de base V5, p. 125 ; achat : p. 191","","","","","","","","","","","","","","","","","","","","","",""
"Distraire (Distract)","Utilisez votre Mouvement pour un Test opposé Athlétisme, Représentation ou Escamotage contre Perception, sur une cible à 2 yards maximum. Si vous gagnez, elle perd Momentum et ne peut ni le récupérer ni effectuer de Test avec Avantage V5 jusqu’à la fin de votre prochain Tour.","1","Livre de base V5, p. 118 ; achat : p. 191","","","","","","","","","","","","","","","","","","","","","",""
"Doigts de fée (Nimble-fingered)","+5 en Dextérité, sans compter comme une Augmentation.","1","Livre de base V5, p. 123 ; achat : p. 191","","","","","","","","","","","","","","","","","","","","","",""
"Dons de Khaine [Don] (Gifts of Khaine)","Un don choisi par acquisition. Après avoir causé des dégâts avec une Compétence de Corps à corps, Test de Capacité de Combat Intermédiaire (+0 DR) pour activer un don en Action gratuite ; +2 DR si le coup tue. Dons : Cri de guerre (5 DR), Terreur contre les adversaires à portée d’arme ; Danse funeste (2), +2 DR aux Tests d’Esquive jusqu’au prochain Tour ; Dague de Khaine (2), arme Dévastatrice, Magique et Précise jusqu’à la fin du prochain Tour de son porteur ; Tourment éternel (4, après un coup mortel), ni résurrection nécromantique ni contact magique avec l’âme, et +1 point de Chance ; Main de Khaine (2), Test opposé Représentation (Danse)/Calme, cible Surprise si victoire ; Lame cachée (3), attaque gratuite supplémentaire à la dague avec Corps à corps (Base) ; Dard final (3), l’arme inflige Empoisonné à chaque dégât pendant 6 Rounds ; Toucher de Khaine (3), +3 DR aux Tests de Corps à corps jusqu’à la fin du prochain Tour. Tout Haut Elfe utilisant un don passe automatiquement à l’état Yenlui Sombre.","Sans limitation","Temple of Spite (édition non nommée, compatible V5), p. 68","","","","","","","","","","","","","","","","","","","","","",""
"Doué en calcul (Super Numerate)","Avantage V5 aux Tests d'Évaluation. Vous calculez sans outil et mesurez précisément le temps écoulé tant que vous restez conscient.","1","Livre de base V5, p. 127 ; achat : p. 191","","","","","","","","","","","","","","","","","","","","","",""
"Dur à cuire (Hardy)","Ajoutez une fois supplémentaire votre Bonus d’Endurance au calcul de votre maximum de Points de Blessure.","1","Livre de base V5, p. 120 ; achat : p. 191","","","","","","","","","","","","","","","","","","","","","",""
"Effraction (Break and Enter)","En observant un bâtiment, une pièce fermée ou un coffre-fort, vous repérez le trajet d’entrée apparemment le plus rapide et silencieux. Avantage V5 aux Tests de Crochetage et de Force pour enfoncer portes ou fenêtres.","1","Livre de base V5, p. 116 ; achat : p. 191","","","","","","","","","","","","","","","","","","","","","",""
"Effrayant (Frightening)","Vous causez Peur 1, ou Peur 2 si vous êtes de taille Grande. Chaque ennemi doit accumuler autant de réussites à un Test étendu de Psychologie que votre indice de Peur, avec un Test par Tour. Jusque-là, il ne peut gagner de Momentum et vos attaques de Corps à corps contre lui bénéficient d’Avantage V5.","1","Livre de base V5, p. 120 ; achat : p. 191","","","","","","","","","","","","","","","","","","","","","",""
"Endurci (Implacable)","Chaque fois que vous devriez recevoir un ou plusieurs états Hémorragique, vous en recevez un de moins.","1","Livre de base V5, p. 121 ; achat : p. 191","","","","","","","","","","","","","","","","","","","","","",""
"Ergoteur (Argumentative)","Pour quitter votre débat, votre interlocuteur doit réussir un Test opposé Calme/Charme. Pendant la dispute, il subit −3 DR à la plupart des Tests sans rapport avec vous, jusqu’à l’intervention d’un problème plus important ou d’une attaque.","1","Livre de base V5, p. 115 ; achat : p. 191","","","","","","","","","","","","","","","","","","","","","",""
"Escroquer (Embezzle)","Pour Gagner de l’argent en jeu ou avec une Activité Revenus, utilisez Subornation ou Évaluation à la place de la Compétence de revenus normale : en cas de succès, doublez vos gains ; en cas d’échec, vos irrégularités sont découvertes et vous ne gagnez rien.","1","Livre de base V5, p. 119 ; achat : p. 191","","","","","","","","","","","","","","","","","","","","","",""
"Exaltant (Inspiring)","Avantage V5 aux Tests de Commandement effectués en combat.","1","Livre de base V5, p. 121 ; achat : p. 191","","","","","","","","","","","","","","","","","","","","","",""
"Faire la manche (Panhandle)","Avantage V5 aux Tests de Charme pour mendier, y compris pendant une Activité Revenu. Vous savez généralement où trouver un abri urbain sûr mais inconfortable pour dormir.","1","Livre de base V5, p. 123 ; achat : p. 191","","","","","","","","","","","","","","","","","","","","","",""
"Feinte (Feint)","En attaquant en Corps à corps, si vous avez Momentum et que votre adversaire ne l’a pas, forcez-le à se défendre avec Intuition plutôt qu’une autre Compétence ou Caractéristique.","1","Livre de base V5, p. 119 ; achat : p. 191","","","","","","","","","","","","","","","","","","","","","",""
"Ferveur ardente [Cause] (Impassioned Zeal)","Choisissez une cause politique, religieuse ou philosophique. Avantage V5 aux Tests de Charme lorsque vous la défendez ; Désavantage V5 lorsque vous mentez à son sujet ou la dénoncez.","1","Livre de base V5, p. 121 ; achat : p. 191","","","","","","","","","","","","","","","","","","","","","",""
"Feu de forge (Forgefire)","Tant que vous êtes Engagé, vos armes de Corps à corps et celles de vos alliés à Bonus de Force Mentale yards gagnent l’Atout Pénétrante. Si une arme l’est déjà, ses attaques ignorent 1 PA supplémentaire d’armure métallique.","1","Dwarf Player’s Guide (V4), p. 79","","","","","","","","","","","","","","","","","","","","","",""
"Fin glorieuse (Glorious Demise)","Lorsque vous gagnez Inconscient, vous pouvez interrompre l’ordre des Tours pour porter immédiatement une attaque gratuite de Corps à corps avant d’être mis hors de combat. Lorsque vous gagnez Sonné, dépenser 1 point de Chance permet la même attaque gratuite. Votre prochain Tour reste normal : aucune Action si vous êtes encore Sonné.","1","Dwarf Player’s Guide (V4), p. 79","","","","","","","","","","","","","","","","","","","","","",""
"Flagellant (Flagellant)","Vous ne ressentez pas la douleur et ignorez les pénalités des Blessures critiques, sauf celles des amputations. Si un autre effet vous donne accès à la Frénésie, vous pouvez y entrer sans Test chaque fois que vous subissez une Blessure.","1","Livre de base V5, p. 119 ; achat : p. 191","","","","","","","","","","","","","","","","","","","","","",""
"Flairer les ennuis (Nose for Trouble)","Avantage V5 aux Tests d’Intuition ; vous savez généralement où trouver, dans une ville ou un village, de quoi parier, vous battre ou vous enivrer.","1","Livre de base V5, p. 123 ; achat : p. 191","","","","","","","","","","","","","","","","","","","","","",""
"Fortification liquide (Liquid Fortification)","Après une boisson alcoolisée, +10 en Force et Endurance ; le bonus s’applique immédiatement au Test de Résistance à l’alcool de cette boisson et reste acquis que le Test réussisse ou échoue. Il dure jusqu’à une heure après la dernière boisson : boire à nouveau prolonge la durée sans dépasser +10. +1 DR par acquisition aux Tests réussis de Résistance à l’alcool.","Bonus d’Endurance","Dwarf Player’s Guide (V4), p. 80","","","","","","","","","","","","","","","","","","","","","",""
"Frappe assommante (Strike to Stun)","Toutes vos armes improvisées ont la Qualité Assommante (Pummel). Avec une arme Assommante, ignorez la pénalité de coup ciblé pour une neutralisation silencieuse (p. 135).","1","Livre de base V5, p. 127 ; achat : p. 191","","","","","","","","","","","","","","","","","","","","","",""
"Frappe blessante (Strike to Injure)","Sur la table des Blessures critiques, lancez deux fois et choisissez le résultat. Ignorez aussi la pénalité de tir/coup ciblé pour une neutralisation silencieuse (p. 135).","1","Livre de base V5, p. 127 ; achat : p. 191","","","","","","","","","","","","","","","","","","","","","",""
"Frappe précise (Careful Strike)","La pénalité d’un Coup ciblé avec une attaque de Corps à corps est réduite à −1 DR ; si l’attaque bénéficie d’Avantage V5, le Coup ciblé ne subit aucune pénalité.","1","Livre de base V5, p. 116 ; achat : p. 191","","","","","","","","","","","","","","","","","","","","","",""
"Frappe réactive (Reaction Strike)","Lorsque vous êtes chargé, un Test d’Initiative Intermédiaire (+0 DR) permet une attaque gratuite immédiate contre le chargeur, hors ordre normal des Tours, avec l’arme de votre main directrice. Une seule attaque gratuite de cette manière par Round.","1","Livre de base V5, p. 124 ; achat : p. 191","","","","","","","","","","","","","","","","","","","","","",""
"Frénésie (Frenzy)","À votre Tour, réussir un Test de Force Mentale déclenche la Frénésie : immunité aux autres Psychologies, une attaque de Corps à corps gratuite supplémentaire par Round et +1 Dégât à toutes les attaques de Corps à corps. Obligation d’avancer vers l’ennemi le plus proche et de l’attaquer, sans autre emploi de l’Action ou du Mouvement. Fin lorsque tous les ennemis proches sont vaincus, ou si vous êtes Sonné ou Inconscient ; vous gagnez alors 1 état Exténué.","1","Livre de base V5, p. 120 ; achat : p. 191","","","","","","","","","","","","","","","","","","","","","",""
"Fuite ! (Flee!)","Après vous être Désengagé, vous pouvez immédiatement effectuer un Mouvement supplémentaire pour vous éloigner en courant. Fuir en combat ne vous donne pas d’État Brisé. Comme proie d’une poursuite, vos Tests reçoivent +1 DR.","1","Livre de base V5, p. 120 ; achat : p. 191","","","","","","","","","","","","","","","","","","","","","",""
"Garde royal (Kingsguard)","Les attaques ennemies contre un allié situé à 2 yards ou moins de vous subissent −10 par acquisition. Aucun effet sur les attaques contre vous-même ni lorsque vous souffrez d’un état.","3","Dwarf Player’s Guide (V4), p. 80","","","","","","","","","","","","","","","","","","","","","",""
"Grand orateur (Master Orator)","Avantage V5 aux Tests de Savoir (Loi) pour plaider devant un magistrat et aux Tests similaires de Savoir pour défendre un argument universitaire, théologique ou politique devant une assemblée.","1","Livre de base V5, p. 122 ; achat : p. 191","","","","","","","","","","","","","","","","","","","","","",""
"Grande taille (Large)","Vous êtes de taille Grande. Règles V4 de Taille : Points de Blessure = 2×(Bonus de Force + 2×Bonus d’Endurance + Bonus de Force Mentale). Face à un adversaire plus petit : armes Dévastatrices ; Percutantes si écart d’au moins 2 catégories ; dégâts multipliés par l’écart de catégories, minimum ×1, après modificateurs ; Frappes Mortelles même si la cible survit. L’adversaire plus petit gagne +10 pour toucher et subit −2 DR par catégorie s’il pare avec CC. Vous quittez le Corps à corps sans désengagement. Tests opposés de Force : victoire automatique avec 2 catégories d’écart ; avec une seule, le plus petit doit obtenir un Critique pour comparer les DR. Si agressif : Peur si écart 1, Terreur si écart ≥2, indice égal à l’écart. Piétinement contre une cible plus petite : attaque gratuite de Corps à corps (Bagarre), dégâts Bonus de Force, coût 1 Avantage V4.","1","Archives of the Empire 2 (V4), p. 20","","","","","","","","","","","","","","","","","","","","","",""
"Grimpeur (Scale Sheer Surface)","Avantage V5 aux Tests d'Escalade. Vous pouvez tenter de grimper des surfaces apparemment impossibles (glace, parois lisses, poteaux graissés…), avec une difficulté imposée au maximum Très difficile (−3 DR).","1","Livre de base V5, p. 125 ; achat : p. 191","","","","","","","","","","","","","","","","","","","","","",""
"Guerrier né (Warrior Born)","+5 en Capacité de Combat, sans compter comme Augmentations.","1","Livre de base V5, p. 128 ; achat : p. 191","","","","","","","","","","","","","","","","","","","","","",""
"Guide fluvial (River Guide)","Aucun Test pour naviguer en eaux dangereuses, sauf difficulté Difficile (−1 DR) ou plus sévère. Avec la compétence Savoir (Région) appropriée, aucun Test n'est requis : vous connaissez une route sûre.","1","Livre de base V5, p. 124 ; achat : p. 191","","","","","","","","","","","","","","","","","","","","","",""
"Haine [Groupe] (Hatred)","Choisissez un groupe. À chaque rencontre, réussir un Test de Psychologie évite l’obligation de le détruire par le moyen le plus rapide et mortel ; nouvelle tentative à la fin de chaque Round après le premier pour vous retenir. Aucune interaction sociale normale avec ce groupe. Toujours +1 DR aux Tests de Corps à corps et de Projectiles contre lui et immunité à son Intimidation et sa Peur, mais pas sa Terreur, même si vous contrôlez votre Haine.","1","Livre de base V5, p. 120 ; achat : p. 191","","","","","","","","","","","","","","","","","","","","","",""
"Haine sacrée (Holy Hatred)","Lorsqu’un Miracle inflige des Blessures, vous pouvez infliger +2 Blessures.","1","Livre de base V5, p. 120 ; achat : p. 191","","","","","","","","","","","","","","","","","","","","","",""
"Harmonisation aethyrique (Aethyric Attunement)","Sur la table des Incantations imparfaites mineures, lancez deux fois et choisissez le résultat. La seconde acquisition étend ce bénéfice à la table des Incantations imparfaites majeures.","2","Livre de base V5, p. 114 ; achat : p. 191","","","","","","","","","","","","","","","","","","","","","",""
"Harponneur (Harpooner)","Sur un Critique infligé avec une arbalète, vous pouvez ajouter +10 par acquisition au jet de la table des Critiques, maximum 00. Chaque carreau fiché dans la cible grâce à l’Atout Empaleuse réduit son Mouvement de 1, minimum 1.","Bonus de Capacité de Tir","Dwarf Player’s Guide (V4), p. 79","","","","","","","","","","","","","","","","","","","","","",""
"Haute Magie (High Magic)","Nécessite Focalisation (Qhaysh) et Béni par Isha. L’absence d’accès à un Vent ne pénalise plus le lancement des sorts des Domaines des Bêtes, Mort, Feu, Cieux, Vie, Lumière, Métal et Ombres. Lorsqu’un sort est lancé avec succès, ajoutez votre niveau de Haute Magie aux DR utilisables pour la Surincantation des sorts de Haute Magie. Autorise leur mémorisation : coût par sort supplémentaire selon les sorts déjà connus, jusqu’à 1× le Bonus d’Intelligence : 200 PX ; jusqu’à 2× : 400 PX ; jusqu’à 3× : 600 PX ; jusqu’à 4× : 800 PX ; puis +200 PX par tranche supplémentaire.","1","High Elf Player’s Guide (V4), p. 83","","","","","","","","","","","","","","","","","","","","","",""
"Identité secrète (Secret Identity)","Adoptez une identité d'une carrière choisie pour une rencontre, une journée ou une aventure, sans Test pour maintenir la supercherie ; vous en avez la classe et le statut. Vous pouvez faire les Activités Banque ou Revenus sous cette identité. Pour Revenus : Test de revenu Intermédiaire (+0 DR), avec Divertissement (Interprétation) ou la compétence de revenu de l'identité. Avec Embezzle, Subornation ou Évaluation peuvent remplacer cette compétence en cas de détournement. Un échec révèle la ruse ; conséquences fixées par le MJ.","1","Livre de base V5, p. 125 ; achat : p. 191","","","","","","","","","","","","","","","","","","","","","",""
"Imitation (Mimic)","Avantage V5 aux Tests de Divertissement (Interprétation, Comédie) et de Représentation (Pitreries). Vous reproduisez un accent après au moins une journée d’exposition ; cela peut aider avec les habitants à l’appréciation du MJ. Un accent connu vous permet de détecter ceux qui le simulent ou le dissimulent, sauf s’ils possèdent aussi Imitation.","1","Livre de base V5, p. 122–123 ; achat : p. 191","","","","","","","","","","","","","","","","","","","","","",""
"Imperturbable (Coolheaded)","Gagnez +5 Force Mentale ; ce bonus ne compte pas comme une Augmentation.","1","Livre de base V5, p. 117 ; achat : p. 191","","","","","","","","","","","","","","","","","","","","","",""
"Impitoyable (Relentless)","Après le Tour d’un adversaire qui s’est désengagé de vous, un Test d’Athlétisme, Conduite d’attelage ou Chevaucher Intermédiaire (+0 DR) réussi fournit un Mouvement supplémentaire pour le poursuivre et permet de vous désengager gratuitement de vos autres adversaires. +1 DR aux Tests de poursuivant pendant une Poursuite.","1","Livre de base V5, p. 124 ; achat : p. 191","","","","","","","","","","","","","","","","","","","","","",""
"Imprégné [Vent] (Suffuse With)","Les sorts réussis du domaine associé au Vent, lancés à 8 yards ou moins de vous, gagnent +1 DR ; ce bonus ne se cumule pas avec d'autres porteurs du même Vent. Votre Focalisation de ce Vent remplace : Aqshy, Force Mentale pour entrer en Frénésie, dont vous pouvez bénéficier ; Azyr, Perception ; Chamon, Évaluation ; Ghur, Emprise sur les animaux et Savoir (Bêtes) ; Ghyran, Savoir (Plantes, Animaux, Herbes) et Soin aux animaux ; Hysh, Recherche ; Shyish, Intimidation ; Ulgu, Discrétion. Les personnes ayant Seconde vue perçoivent le Vent autour de vous.","1","Winds of Magic (V4), p. 186","","","","","","","","","","","","","","","","","","","","","",""
"Inébranlable (Unshakeable)","Aucun Test pour résister à l'état Brisé lorsque vous êtes pris pour cible par une arme à poudre noire.","1","Livre de base V5, p. 128 ; achat : p. 191","","","","","","","","","","","","","","","","","","","","","",""
"Infatigable (Strong Back)","Niveau 1 : +1 DR aux Tests opposés de Force et +1 point d'Encombrement transportable. Niveau 2 : ces bonus totaux deviennent +3 DR et +3 points d'Encombrement.","2","Livre de base V5, p. 127 ; achat : p. 191","","","","","","","","","","","","","","","","","","","","","",""
"Inlassable (Tireless)","Pour appliquer les pénalités d'Exténué, ignorez 1 état, plus 1 état supplémentaire par niveau. Exemple : niveau 2 et 4 états, seules les pénalités d'un état s'appliquent (−10 à tous les Tests).","Bonus d’Endurance","Dwarf Player’s Guide (V4), p. 81","","","","","","","","","","","","","","","","","","","","","",""
"Insignifiant (Beneath Notice)","Correctement vêtu et en faisant l’effort de vous fondre parmi vos supérieurs sociaux, vous passez pour quelqu’un qui doit être là ; une explication plausible suffit normalement aux gardes. Ce bénéfice cesse si vous attirez l’attention par un incident ou en brandissant une arme.","1","Livre de base V5, p. 115 ; achat : p. 191","","","","","","","","","","","","","","","","","","","","","",""
"Intrigant (Schemer)","Sur un Test réussi de Ragot ou Savoir (Politique), choisissez les DR obtenus ou la valeur du dé des unités.","1","Livre de base V5, p. 125 ; achat : p. 191","","","","","","","","","","","","","","","","","","","","","",""
"Invocation [Savoir divin] (Invoke)","Choisissez une divinité : un Miracle de son culte est appris immédiatement. Miracles supplémentaires : 100 PX si 0–5 sont déjà connus ; 200 PX pour 6–10 ; 300 PX pour 11–15 ; 400 PX pour 16–20 ; 500 PX à partir de 21. Normalement une seule divinité. Incompatible dans les deux sens avec Focalisation, Magie des arcanes, Magie du Chaos, Résistance à la Magie, Magie mineure et Sorcier !. Abandon pour 100 PX : perte de tous les Miracles et profond courroux divin, conséquences fixées par le MJ.","1","Livre de base V5, p. 121 ; achat : p. 191","","","","","","","","","","","","","","","","","","","","","",""
"Jeune sang (Youngblood)","Votre statut est toujours inférieur à celui des autres Eonir, sauf s'ils ont aussi Youngblood. Les membres de deuxième génération peuvent perdre ce talent en réussissant une épreuve d'admission parmi les Forestborn. Tests sociaux réussis avec d'autres Eonir : +1 DR par niveau.","1","Archives of the Empire 1 (V4), p. 78","","","","","","","","","","","","","","","","","","","","","",""
"L’esprit sur le corps (Mind over Body)","Méditation d’au moins 20 minutes puis Test de Prière Intermédiaire (+0). Si réussi, effets pendant 1d10 + DRd10 heures. Niveau 1 : Trait Insensible à la douleur et aucun état causé par la douleur. Niveau 2 : vision mentale des formes, sans couleurs, expressions ni fins détails sauf objets fabriqués ; Métier (Forgeron) sans malus de cécité et immunité à Aveuglé, même magique ou divine. Niveau 3 : permet de dépenser une Détermination pour ignorer les pénalités des Blessures Critiques lors des Tests étendus, notamment de fabrication.","3","High Elf Player’s Guide (V4), p. 101","","","","","","","","","","","","","","","","","","","","","",""
"Lecture rapide (Speedreader)","Lisez une page d'un coup d'œil et un long ouvrage en une journée. Sur un Test étendu de Recherche, doublez les DR ajoutés par chaque Test réussi.","1","Livre de base V5, p. 126 ; achat : p. 191","","","","","","","","","","","","","","","","","","","","","",""
"Linguistique (Linguistics)","Avantage V5 aux Tests de Langue. Chaque Augmentation d’une spécialisation de Langue coûte toujours 50 PX, quel que soit le nombre déjà acquis. Ne s’applique qu’aux langues servant à communiquer, jamais à Langue (Magick).","1","Livre de base V5, p. 121 ; achat : p. 191","","","","","","","","","","","","","","","","","","","","","",""
"Lire sur les lèvres (Lip Reading)","Si vous voyez la bouche du locuteur sans obstruction, un Test d’Intuition Intermédiaire (+0 DR) permet de comprendre ses paroles.","1","Livre de base V5, p. 122 ; achat : p. 191","","","","","","","","","","","","","","","","","","","","","",""
"Lire/Écrire (Read/Write)","Vous pouvez lire et écrire toute langue que vous savez parler.","1","Livre de base V5, p. 124 ; achat : p. 191","","","","","","","","","","","","","","","","","","","","","",""
"Longue mémoire (Long Memory)","Vous vous rappelez parfaitement l’heure, la date, le lieu, les visages visibles et les paroles ou engagements des personnes présentes lors d’événements significatifs vécus pendant la campagne. Pour un événement antérieur, un Test d’Intelligence peut être requis : difficulté selon ancienneté, de Très facile (+40) pour quelques mois à Difficile (−20) pour un siècle. +1 DR par acquisition aux Tests réussis d’Intelligence pour vous souvenir.","Bonus d’Intelligence","Dwarf Player’s Guide (V4), p. 80","","","","","","","","","","","","","","","","","","","","","",""
"Loup de mer (Old Salt)","Lors d’un Test réussi de Ramer ou Voile sur l’océan, utilisez au choix les DR obtenus ou le chiffre du dé des unités. Vous comptez comme deux bateliers pour l’équipage minimum nécessaire à la conduite d’un navire océanique.","1","Livre de base V5, p. 123 ; achat : p. 191","","","","","","","","","","","","","","","","","","","","","",""
"Mâchoires d'acier (Iron Jaw)","La première fois de chaque rencontre que vous devriez gagner un ou plusieurs états Sonné, vous en gagnez un de moins.","1","Livre de base V5, p. 121 ; achat : p. 191","","","","","","","","","","","","","","","","","","","","","",""
"Mage de guerre (War Wizard)","En Action gratuite, perdez Momentum pour tenter un sort de NI 5 ou moins. Aucun autre Test lié à l'incantation n'est permis ce Tour, y compris Focalisation.","1","Livre de base V5, p. 128 ; achat : p. 191","","","","","","","","","","","","","","","","","","","","","",""
"Magie des Arcanes [Domaine] (Arcane Magic)","Choisissez un Domaine : vous gagnez un Sort et pouvez en mémoriser d’autres. Coût par nouveau Sort selon le nombre déjà connu : 0–5 =100 PX ; 6–10 =200 ; 11–15 =300 ; 16–20 =400 ; 21+ =500. Un seul Domaine normalement ; un Domaine sombre supplémentaire est possible avec l’accord du MJ selon votre formation. Désapprentissage : 100 PX et perte de tous les Sorts liés.","1","Livre de base V5, p. 115 ; achat : p. 191","","","","","","","","","","","","","","","","","","","","","",""
"Magie des runes [Rune] (Rune Magic)","Chaque achat apprend une nouvelle rune des listes pp. 125–129, jamais une rune majeure. Respectez les formes ou la rune précise imposées par votre carrière. L'Activité Forge Rune permet de la graver sur un objet. Tests de fabrication de runes réussis : +1 DR par niveau.","Bonus d’Intelligence + Bonus de Force Mentale","Dwarf Player’s Guide (V4), p. 80","","","","","","","","","","","","","","","","","","","","","",""
"Magie des Runes de Maître [Rune majeure] (Master Rune Magic)","Chaque acquisition apprend une nouvelle rune majeure choisie p. 125–129, dans les formes de runes imposées par le talent lorsqu’elles sont précisées. Permet son inscription par l’Activité Forger une rune, selon les règles p. 119. La première acquisition apprend aussi les trois Runes du Destin p. 130. +1 DR par acquisition aux Tests réussis de Forge runique.","Bonus de Force Mentale","Dwarf Player’s Guide (V4), p. 80","","","","","","","","","","","","","","","","","","","","","",""
"Magie du Chaos [Domaine] (Chaos Magic)","Choisissez un Domaine du Chaos : gagnez un Sort et +1 Corruption à chaque nouveau Sort obtenu. Coût par Sort supplémentaire selon le nombre déjà connu : 0–5 =100 PX ; 6–10 =200 ; 11–15 =300 ; 16–20 =400 ; 21+ =500. Un seul Domaine normalement. Ce talent ne peut jamais être désappris.","1","Livre de base V5, p. 116 ; achat : p. 191","","","","","","","","","","","","","","","","","","","","","",""
"Magie mineure (Petty Magic)","Apprenez immédiatement trois sorts de Magie mineure au choix. Coût de chaque sort supplémentaire selon le nombre déjà connu : jusqu’à 5, 50 PX ; 6–10, 100 PX ; 11–15, 150 PX ; 16–20, 200 PX ; 21 ou plus, 250 PX. Abandonner ce talent coûte 100 PX et fait immédiatement perdre tous les sorts qui lui sont liés.","1","Livre de base V5, p. 123 ; achat : p. 191","","","","","","","","","","","","","","","","","","","","","",""
"Magnum opus (Magnum Opus)","À chaque acquisition, créez un chef-d’œuvre extraordinaire avec une Compétence Art ou Métier. Il impressionne ses témoins et procure des bonus fixés par le MJ, généralement en Sociabilité. Sa vente rapporte au moins dix fois la valeur normale. Chaque nouvelle acquisition produit une nouvelle œuvre.","Sans limitation","Livre de base V5, p. 122 ; achat : p. 191","","","","","","","","","","","","","","","","","","","","","",""
"Mains agiles (Fast Hands)","Vous pouvez divertir avec Escamotage en faisant apparaître ou disparaître de petits objets. Avantage V5 aux Tests d’Escamotage et de Corps à corps (Bagarre) pour toucher un adversaire, notamment pour un Sort de contact.","1","Livre de base V5, p. 119 ; achat : p. 191","","","","","","","","","","","","","","","","","","","","","",""
"Maître artisan [Métier] (Craftsman)","Choisissez une spécialisation de Métier : vous pouvez toujours l’augmenter, même hors carrière, et ses Tests bénéficient d’Avantage V5. Répétable avec une nouvelle spécialisation à chaque acquisition ; une acquisition par choix.","Sans limitation","Livre de base V5, p. 117 ; achat : p. 191","","","","","","","","","","","","","","","","","","","","","",""
"Maître en déguisement (Master of Disguise)","Votre posture, vos expressions et des vêtements adaptés permettent de modifier votre apparence au point de ne plus vous ressembler. Lors d’un Test réussi de Divertissement (Interprétation), utilisez au choix les DR obtenus ou le chiffre du dé des unités.","1","Livre de base V5, p. 122 ; achat : p. 191","","","","","","","","","","","","","","","","","","","","","",""
"Maîtrise des dés (Dicer)","Avantage V5 à tous vos Tests de Pari.","1","Livre de base V5, p. 118 ; achat : p. 191","","","","","","","","","","","","","","","","","","","","","",""
"Maîtrise du combat (Combat Master)","Vous comptez comme deux personnes pour déterminer si vous êtes en supériorité numérique face à un adversaire ou si votre camp est dépassé en nombre.","1","Livre de base V5, p. 116 ; achat : p. 191","","","","","","","","","","","","","","","","","","","","","",""
"Maniement de deux armes (Dual Wielder)","En combattant avec deux armes, l’attaque gratuite de la seconde arme ne vous coûte pas Momentum. Pendant ce combat à deux armes, les dagues, couteaux et armes similaires que vous maniez gagnent l’Atout Parade.","1","Livre de base V5, p. 119 ; achat : p. 191","","","","","","","","","","","","","","","","","","","","","",""
"Marinier (Waterman)","Sur un Test réussi de Ramer ou Voile sur rivière ou lac, choisissez les DR obtenus ou la valeur du dé des unités. Vous comptez comme deux membres d'équipage pour le minimum nécessaire à un bateau fluvial.","1","Livre de base V5, p. 128 ; achat : p. 191","","","","","","","","","","","","","","","","","","","","","",""
"Matraqueur (Bludgeoner)","Lorsque vous remportez le Test opposé activant l’Atout Assommante (Pummel), infligez un État Sonné supplémentaire par acquisition de ce talent. Ajoutez +1 DR par acquisition aux Tests de Force réussis pour activer cet Atout.","Bonus de Force","Dwarf Player’s Guide (V4), p. 79","","","","","","","","","","","","","","","","","","","","","",""
"Mèche courte (Short Fuse)","Avec une arme explosive dotée de Blast, augmentez son indice de +1 par niveau.","Bonus d’Intelligence","Dwarf Player’s Guide (V4), p. 81","","","","","","","","","","","","","","","","","","","","","",""
"Méditation Cadai (Cadai Meditation)","Chaque jour, méditez au moins une heure puis effectuez un Test de Prière Accessible (+20). Si vous réussissez, vous pouvez passer à l’état Yenlui (Lumineux).","1","High Elf Player’s Guide (V4), p. 101","","","","","","","","","","","","","","","","","","","","","",""
"Menaçant (Menacing)","Avantage V5 aux Tests d’Intimidation. Les voleurs, bandits et pickpockets raisonnables choisissent généralement une autre cible s’ils en disposent.","1","Livre de base V5, p. 122 ; achat : p. 191","","","","","","","","","","","","","","","","","","","","","",""
"Menteur (Cat-tongued)","Avantage V5 aux Tests de Charme effectués pour mentir de façon convaincante.","1","Livre de base V5, p. 116 ; achat : p. 191","","","","","","","","","","","","","","","","","","","","","",""
"Nageur endurant (Strong Swimmer)","Avantage V5 aux Tests de Natation ; +2 DR aux poursuites à la nage.","1","Livre de base V5, p. 127 ; achat : p. 191","","","","","","","","","","","","","","","","","","","","","",""
"Nanti (Wealthy)","Quand vous obtenez de l'argent par votre carrière, en jeu ou via une Activité Revenus, recevez 1 couronne d'or supplémentaire. Au niveau 2, ce total devient 3 couronnes d'or supplémentaires.","2","Livre de base V5, p. 128 ; achat : p. 191","","","","","","","","","","","","","","","","","","","","","",""
"Négociateur (Dealmaker)","Avantage V5 aux Tests de Marchandage ; vous savez généralement quand une offre est vraiment définitive.","1","Livre de base V5, p. 117 ; achat : p. 191","","","","","","","","","","","","","","","","","","","","","",""
"Noblesse (Noble Blood)","Si vous êtes habillé convenablement, votre statut est toujours considéré comme supérieur d’au moins un Échelon à celui d’autrui, sauf s’il possède aussi Noblesse : comparaison normale. Vous pouvez entrer dans la Carrière Noble comme si elle appartenait à votre Classe actuelle.","1","Livre de base V5, p. 123 ; achat : p. 191","","","","","","","","","","","","","","","","","","","","","",""
"Noctambule (Carouser)","Une consommation modérée d’alcool n’a pas d’effet négatif ; un Test de Résistance à l’alcool n’est requis qu’en cas d’excès. Avantage V5 à ces Tests et aux Tests de Résistance contre le poison.","1","Livre de base V5, p. 116 ; achat : p. 191","","","","","","","","","","","","","","","","","","","","","",""
"Nomade (Rover)","Avantage V5 aux Tests de Discrétion (Rurale). Vous pouvez généralement déterminer le trajet le plus facile et où trouver gibier, eau et abri.","1","Livre de base V5, p. 125 ; achat : p. 191","","","","","","","","","","","","","","","","","","","","","",""
"Numismate (Numismatics)","Avantage V5 aux Tests de Savoir (Héraldique) pour identifier l’origine d’une monnaie, médaille ou bannière. Lors d’un Test réussi d’Évaluation pour estimer un objet, utilisez au choix les DR obtenus ou le chiffre du dé des unités.","1","Livre de base V5, p. 123 ; achat : p. 191","","","","","","","","","","","","","","","","","","","","","",""
"Obstiné (Strong-minded)","Une fois par séance, avant un Test, vous pouvez choisir de le faire sans aucun modificateur négatif.","1","Livre de base V5, p. 127 ; achat : p. 191","","","","","","","","","","","","","","","","","","","","","",""
"Œil de la tempête (Eye of the Storm)","Après au moins 20 minutes de contemplation, réussissez un Test de Prière Intermédiaire (+0) : les effets durent 1d10 + DRd10 heures. Acquisition 1 : distractions incapables d’interrompre votre Focalisation. Acquisition 2 : récupération d’Exténué en moitié moins de temps et ses pénalités ignorées pour Focalisation et Incantation. Acquisition 3 : sur une table de météo, ajoutez ou retranchez 1 à chaque jet de dé.","3","High Elf Player’s Guide (V4), p. 105","","","","","","","","","","","","","","","","","","","","","",""
"Œil du chasseur (Hunter's Eye)","En voyage dans des terres suffisamment giboyeuses, avec le temps et l’équipement nécessaires, vous chassez automatiquement de quoi nourrir votre personnage et un nombre d’autres personnes égal à votre Bonus d’Initiative. Les règles normales de recherche de nourriture permettent d’en obtenir davantage.","1","Livre de base V5, p. 120 ; achat : p. 191","","","","","","","","","","","","","","","","","","","","","",""
"Orateur (Public Speaker)","Vous rassemblez aisément une foule et pouvez généralement évaluer son humeur et ses motivations. Avantage V5 aux Tests de Charme pour influencer un groupe. Après l’avoir charmé ainsi, vous pouvez employer Commandement pour l’inciter à agir, retirer ses états Brisé ou l’influencer autrement.","1","Livre de base V5, p. 124 ; achat : p. 191","","","","","","","","","","","","","","","","","","","","","",""
"Oreille absolue (Perfect Pitch)","Vous apprenez un morceau après une seule écoute. Avantage V5 aux Tests de Divertissement (Chant) et de Musicien (au choix).","1","Livre de base V5, p. 123 ; achat : p. 191","","","","","","","","","","","","","","","","","","","","","",""
"Pacte de l’âme (Soul Pact)","Réservé aux Elfes. Chaque achat conclut un autre pacte ; l'entité exige des sacrifices croissants pour protéger corps et âme du Dhar. Sur un sort de Magie noire qui inflige des dégâts avec des DR au-delà de son NI, dépensez 3 DR pour un effet de votre pacte, compatible avec les effets de surincantation : Hekarti, un coup supplémentaire au corps de dégâts égaux au NI de base ignorant les PA, ou ignorez Incantations imparfaites et gain de Corruption pendant 1d10 Tours ; Slaanesh, 3 cibles à une distance maximale de votre Bonus de Force Mentale en yards font un Test de Calme Difficile (−2 DR), puis celles qui échouent doivent le réussir avant toute action hostile contre vous pendant 2d10 Rounds, sinon elles deviennent Surprises ; Tzeentch, appliquez un résultat de Incantation imparfaite mineure à une autre créature à une distance maximale de votre Bonus de Force Mentale en yards ; démon non aligné, gagnez le Trait Daemonic 8+ jusqu'au Round suivant.","4","Temple of Spite (édition non nommée, compatible V5), p. 63–64","","","","","","","","","","","","","","","","","","","","","",""
"Pansement de fortune (Field Dressing)","Avantage V5 aux Tests de Guérison. Vous fabriquez facilement des attelles ou bandages simples avec des matériaux ordinaires.","1","Livre de base V5, p. 119 ; achat : p. 191","","","","","","","","","","","","","","","","","","","","","",""
"Pas de côté (Step Aside)","Après une défense réussie avec Esquive, vous pouvez vous déplacer jusqu'à 2 yards et ne plus être engagé. Les adversaires n'obtiennent pas d'attaque gratuite.","1","Livre de base V5, p. 126 ; achat : p. 191","","","","","","","","","","","","","","","","","","","","","",""
"Pêcheur (Fisherman)","Avec une étendue d’eau suffisante et l’équipement adapté, pêchez assez pour nourrir votre personnage et un nombre d’autres personnes égal à votre Bonus d’Initiative. Les règles ordinaires de recherche de nourriture permettent d’obtenir davantage.","1","Livre de base V5, p. 119 ; achat : p. 191","","","","","","","","","","","","","","","","","","","","","",""
"Perception de la Magie (Magical Sense)","Vous détectez immédiatement tout lancement de sort à une distance en yards égale à votre Perception, avec seulement sa direction approximative, sans identifier la magie. Si vous avez Seconde vue ou percevez autrement les Vents, Avantage V5 aux Tests pour discerner leurs mouvements ou variations.","1","Livre de base V5, p. 122 ; achat : p. 191","","","","","","","","","","","","","","","","","","","","","",""
"Persévérant (Tenacious)","La première fois d'une rencontre que vous devriez recevoir un ou plusieurs états Exténué, vous en recevez un de moins.","1","Livre de base V5, p. 127 ; achat : p. 191","","","","","","","","","","","","","","","","","","","","","",""
"Perspicace (Savvy)","+5 en Intelligence, sans compter comme Augmentations.","1","Livre de base V5, p. 125 ; achat : p. 191","","","","","","","","","","","","","","","","","","","","","",""
"Petit (Small)","Vous êtes de taille Petite : Points de Blessure = 2×Bonus d’Endurance + Bonus de Force Mentale. Face à un adversaire plus grand, +10 pour le toucher et −2 DR par catégorie de différence si vous défendez avec Capacité de Combat. Ses armes sont Dévastatrices (écart 1) ou Percutantes (écart ≥2), ses dégâts sont multipliés par l’écart (minimum ×1), et ses coups réussis déclenchent les Frappes Mortelles même si vous survivez. Il peut quitter le combat sans désengagement. En Force opposée, avec un écart de 1, vous devez obtenir un Critique pour comparer les DR ; avec un écart ≥2, il gagne automatiquement. S’il est agressif, il cause Peur (écart 1) ou Terreur (écart ≥2), indice égal à l’écart, et peut vous Piétiner : attaque gratuite de Corps à corps (Bagarre), dégâts égaux à son Bonus de Force, coût 1 Avantage V4. Inversez les rapports lorsque votre adversaire est plus petit que vous.","1","Livre de base V4 (FR), p. 143","","","","","","","","","","","","","","","","","","","","","",""
"Pharmacologie (Pharmacist)","Lorsque vous fabriquez un remède alchimique, vous produisez une dose supplémentaire.","1","Livre de base V5, p. 124 ; achat : p. 191","","","","","","","","","","","","","","","","","","","","","",""
"Pied marin (Sea Legs)","Aucun Test de mal de mer dans les conditions normales. Si le MJ en exige un, vous bénéficiez d'Avantage V5.","1","Livre de base V5, p. 125 ; achat : p. 191","","","","","","","","","","","","","","","","","","","","","",""
"Pilote (Pilot)","Avantage V5 aux Tests de Ramer et de Voile.","1","Livre de base V5, p. 124 ; achat : p. 191","","","","","","","","","","","","","","","","","","","","","",""
"Porte-bouclier (Shieldsman)","Une fois par Round, avec un bouclier, perdez Momentum pour : donner le bonus de PA du bouclier à un allié adjacent sans bouclier ; ou, après avoir remporté un Test opposé de Corps à corps en attaque ou défense, renoncer aux dégâts pour repousser l'adversaire jusqu'à 2 yards directement et ne plus être engagé.","1","Livre de base V5, p. 125 ; achat : p. 191","","","","","","","","","","","","","","","","","","","","","",""
"Présence imposante (Commanding Presence)","En l’absence d’autorité reconnue, les gens se tournent naturellement vers vous en cas de crise et suivent vos ordres raisonnables. Avantage V5 aux Tests de Commandement.","1","Livre de base V5, p. 117 ; achat : p. 191","","","","","","","","","","","","","","","","","","","","","",""
"Prévoyant (Well-prepared)","Une fois par séance, sortez de vos poches un équipement d'Encombrement 0 utile à la situation, raisonnablement achetable récemment et crédible. Payez son prix à chaque usage ; impossible sans argent. Dépensez des points de Chance pour des usages supplémentaires dans la séance.","1","Livre de base V5, p. 128 ; achat : p. 191","","","","","","","","","","","","","","","","","","","","","",""
"Rancune Ancestrale [Culture ou faction] (Ancestral Grudge)","Choisissez une culture ou faction et inscrivez-la dans votre Livre des Rancunes. Vous lui portez une Rancune de Sang impossible à satisfaire ; chaque victoire significative contre elle rapporte 50 PX (destruction de ses œuvres, récupération de biens volés, nombreux ennemis tués, etc.).","Bonus de Force Mentale","Dwarf Player’s Guide (V4), p. 78","","","","","","","","","","","","","","","","","","","","","",""
"Rat d'égout (Tunnel Fighter)","Avantage V5 aux Tests de Discrétion (Souterraine). Vous estimez facilement la distance parcourue sous terre et approximativement la profondeur sous la surface.","1","Livre de base V5, p. 128 ; achat : p. 191","","","","","","","","","","","","","","","","","","","","","",""
"Rechargement rapide (Rapid Reload)","Avec une arme ayant le Défaut Rechargement, réduisez son indice de 1.","1","Livre de base V5, p. 124 ; achat : p. 191","","","","","","","","","","","","","","","","","","","","","",""
"Réflexes foudroyants (Lightning Reflexes)","+5 en Agilité, sans compter comme une Augmentation.","1","Livre de base V5, p. 121 ; achat : p. 191","","","","","","","","","","","","","","","","","","","","","",""
"Renversement (Reversal)","Lors d’un Test opposé de Corps à corps, si vous êtes touché mais que votre propre Test a réussi, vous conservez votre Momentum.","1","Livre de base V5, p. 124 ; achat : p. 191","","","","","","","","","","","","","","","","","","","","","",""
"Résistance [Menace] (Resistant)","Choisissez une menace. Une fois par séance, avant de lancer un Test pour lui résister, vous pouvez le réussir automatiquement ; Avantage V5 à tous les autres Tests de résistance à cette menace. Répétable avec une nouvelle menace, une fois par choix.","Sans limitation","Livre de base V5, p. 124 ; achat : p. 191","","","","","","","","","","","","","","","","","","","","","",""
"Résistance à la Magie (Magic Resistance)","Réduisez de 3 les DR de tout sort qui devrait vous affecter. Incompatible dans les deux sens avec Focalisation, Magie des arcanes, Béni, Magie du Chaos, Invocation, Magie mineure et Sorcier !.","1","Livre de base V5, p. 122 ; achat : p. 191","","","","","","","","","","","","","","","","","","","","","",""
"Retranchement (Entrenchment)","Quand vous êtes à couvert léger, les attaques contre vous subissent −20 au lieu de −10 ; à couvert moyen, −30 au lieu de −20. Ajoutez +1 DR par acquisition aux Tests de Métier réussis pour construire un couvert protecteur.","Bonus d’Intelligence","Dwarf Player’s Guide (V4), p. 79","","","","","","","","","","","","","","","","","","","","","",""
"Riposte (Riposte)","Si vous remportez un Test opposé en défendant au corps à corps, vous infligez des dégâts comme si vous étiez l'attaquant.","1","Livre de base V5, p. 124 ; achat : p. 191","","","","","","","","","","","","","","","","","","","","","",""
"Robuste (Robust)","Chaque fois que vous effectuez un Test pour récupérer des Blessures, vous pouvez récupérer 2 Blessures supplémentaires.","1","Livre de base V5, p. 124 ; achat : p. 191","","","","","","","","","","","","","","","","","","","","","",""
"Sanctuaire de l’esprit (Sanctuary of the Mind)","Après au moins 20 minutes de contemplation, réussissez un Test de Prière Intermédiaire (+0). Effets pendant 1d10 + DR d10 heures : niveau 1, immunité aux points de Corruption issus de l'incantation ; niveau 2, +1 DR aux Tests de Recherche ; niveau 3, ignorez les modificateurs négatifs des états Yenlui.","3","High Elf Player’s Guide (V4), p. 109","","","","","","","","","","","","","","","","","","","","","",""
"Sang d'Aenarion [Prodige magique ou martial] (Blood of Aenarion)","À la création, gagnez +1 Destin et choisissez : prodige magique (coût des Sorts en PX divisé par deux) ou martial (coût divisé par deux de Combat instinctif, Véloce, Réflexes foudroyants, Tireur de précision, Vivacité, Très fort et Guerrier né). Chaque fin de semaine, réussissez un Test de Calme Accessible (+20) ou gagnez la Psychologie Yenlui (Sombre). À la création, tirez aussi la mutation mentale de la table dédiée : elle compte comme une Psychologie, pas comme une mutation pour les limites ou effets de règles. Table 1d100 : 01–20 Hollow Heart ; 21–40 Profane Urgency ; 41–60 Thrill Hunter ; 61–74 Tortured Visions ; 75–89 Unending Malice ; 90–00 Unholy Rage. Effets de ces Psychologies : livre de base V4, p. 185.","1","High Elf Player’s Guide (V4), p. 51","","","","","","","","","","","","","","","","","","","","","",""
"Sans peur [Ennemi] (Fearless)","Choisissez un groupe d’ennemis : vous êtes immunisé à la Peur causée par ce groupe. Répétable avec un nouveau groupe à chaque acquisition ; une acquisition par groupe.","Sans limitation","Livre de base V5, p. 119 ; achat : p. 191","","","","","","","","","","","","","","","","","","","","","",""
"Sapeur (Underminer)","Aucune pénalité pour attaquer À terre ou sous votre cible ; les ennemis n'ont pas de bonus pour vous attaquer À terre. +20 supplémentaire pour toucher un ennemi Surpris en émergeant d'une position cachée sous lui (tunnel, fosse…). Tests de Corps à corps réussis : +1 DR par niveau.","Bonus d’Agilité","Dwarf Player’s Guide (V4), p. 81","","","","","","","","","","","","","","","","","","","","","",""
"Saut carpé (Jump Up)","Avantage V5 aux Tests de Représentation (Acrobaties) pour divertir ou vous déplacer rapidement hors combat. Chaque fois que vous subissez À terre, vous pouvez immédiatement réussir un Test d’Athlétisme ou de Représentation (Acrobaties) Intermédiaire (+0 DR) pour vous relever.","1","Livre de base V5, p. 121 ; achat : p. 191","","","","","","","","","","","","","","","","","","","","","",""
"Savant [Savoir] (Savant)","Choisissez une spécialisation de Savoir que vous possédez : ses Tests bénéficient d'Avantage V5. Une seule acquisition par spécialisation ; chaque nouvel achat choisit une spécialisation différente.","Sans limitation","Livre de base V5, p. 125 ; achat : p. 191","","","","","","","","","","","","","","","","","","","","","",""
"Savoir-vivre [Groupe social] (Etiquette)","Avec la tenue et le comportement appropriés, vous vous intégrez au groupe social choisi. Le MJ peut vous avertir si vous adoptez un comportement que ce groupe jugerait déplacé.","1","Livre de base V5, p. 119 ; achat : p. 191","","","","","","","","","","","","","","","","","","","","","",""
"Seconde vue (Second Sight)","Vous pouvez percevoir les Vents de Magie selon les règles de perception magique, p. 236.","1","Livre de base V5, p. 125 ; achat : p. 191","","","","","","","","","","","","","","","","","","","","","",""
"Seigneur de guerre (War Leader)","Les alliés influencés par votre Commandement en bataille peuvent utiliser votre Commandement plutôt que leur Calme contre la Peur jusqu'à la fin de la bataille. L'effet cesse à votre mort ou pendant vos états Brisé, Inconscient ou Peur.","1","Livre de base V5, p. 128 ; achat : p. 191","","","","","","","","","","","","","","","","","","","","","",""
"Sens aiguisé [Sens] (Acute Sense)","Un de vos cinq sens est particulièrement développé : le MJ peut autoriser des Tests de Perception pour déceler des détails normalement imperceptibles avec ce sens. Répétable, avec un nouveau sens à chaque acquisition ; une acquisition par sens.","Sans limitation","Livre de base V5, p. 114 ; achat : p. 191","","","","","","","","","","","","","","","","","","","","","",""
"Sens de l'orientation (Orientation)","Avantage V5 aux Tests d’Orientation. Vous connaissez automatiquement le nord à partir des étoiles, arbres ou autres signes familiers que vous apercevez.","1","Livre de base V5, p. 123 ; achat : p. 191","","","","","","","","","","","","","","","","","","","","","",""
"Sixième sens (Sixth Sense)","Au moment de déclencher un piège ou de subir un danger caché, un Test d'Intuition Intermédiaire (+0 DR) réussi permet de détecter ce danger à la dernière seconde.","1","Livre de base V5, p. 126 ; achat : p. 191","","","","","","","","","","","","","","","","","","","","","",""
"Sociable (Gregarious)","Avantage V5 aux Tests de Ragot ; vous savez généralement où trouver les lieux d’échange de rumeurs dans une agglomération.","1","Livre de base V5, p. 120 ; achat : p. 191","","","","","","","","","","","","","","","","","","","","","",""
"Sorcier ! (Witch!)","Gagnez un sort d'un domaine de Couleur ou de Sorcellerie, sans devoir posséder le talent Arcane Magic correspondant ; sa Focalisation et Langue (Magick) deviennent des compétences de Base. Un sort supplémentaire coûte 200 PX, puis chaque suivant coûte 100 PX de plus (300, 400…). Risque d'attirer les répurgateurs et de compliquer l'entrée dans une tradition magique. Payez 100 PX pour perdre ce talent et tous ses sorts associés. Chaque sort supplémentaire rend aussi sa Focalisation et Langue (Magick) correspondantes accessibles comme compétences de Base.","1","Livre de base V5, p. 128 ; achat : p. 191","","","","","","","","","","","","","","","","","","","","","",""
"Souplesse féline (Catfall)","Toute chute compte comme volontaire : vous pouvez effectuer un Test d’Athlétisme pour réduire les Dégâts. Avantage V5 aux Tests d’Athlétisme effectués pendant la chute.","1","Livre de base V5, p. 116 ; achat : p. 191","","","","","","","","","","","","","","","","","","","","","",""
"Sprinter (Sprinter)","Avantage V5 aux Tests d'Athlétisme pour courir et sauter.","1","Livre de base V5, p. 126 ; achat : p. 191","","","","","","","","","","","","","","","","","","","","","",""
"Studieux (Bookish)","Avantage V5 à tous vos Tests de Recherche.","1","Livre de base V5, p. 116 ; achat : p. 191","","","","","","","","","","","","","","","","","","","","","",""
"Suborneur (Briber)","Quelques mots suffisent pour savoir si quelqu’un accepte un pot-de-vin et quel montant exact est nécessaire pour fermer les yeux ou vous aider. Avantage V5 à tous vos Tests de Subornation.","1","Livre de base V5, p. 116 ; achat : p. 191","","","","","","","","","","","","","","","","","","","","","",""
"Tête brûlée (Maverick)","Vous ignorez la pénalité de −20 aux attaques à distance lorsque vous utilisez le Trait Vol. +1 DR par acquisition aux Tests réussis de Voile (Aéronef) pour voler vite et dangereusement.","Bonus d’Agilité","Dwarf Player’s Guide (V4), p. 80","","","","","","","","","","","","","","","","","","","","","",""
"Tir mortel (Deadeye Shot)","La pénalité d’un Coup ciblé avec une attaque à distance est réduite à −1 DR ; elle est supprimée si le tir est visé.","1","Livre de base V5, p. 117 ; achat : p. 191","","","","","","","","","","","","","","","","","","","","","",""
"Tir précis (Accurate Shot)","Vos attaques à distance réussies infligent +1 Dégât, ou +2 si vous avez pris le temps de viser.","1","Livre de base V5, p. 114 ; achat : p. 191","","","","","","","","","","","","","","","","","","","","","",""
"Tir rapide (Fast Shot)","Si vous n’êtes pas Engagé, tirez une fois avec une arme chargée ayant le Trait Pistol avant le premier Tour du Round. Cela utilise votre Action du Round : vous agissez normalement à votre Tour, sans autre attaque. Si plusieurs personnages utilisent ce talent, résolvez leurs tirs dans l’ordre d’Initiative de combat.","1","Livre de base V5, p. 119 ; achat : p. 191","","","","","","","","","","","","","","","","","","","","","",""
"Tir sûr (Sure Shot)","Vos attaques à distance infligent +1 dégât et peuvent ignorer les armures dotées du Défaut Partial. Si l'arme a la Qualité Impale, ignorez aussi les armures dotées du Défaut Weakpoints.","1","Livre de base V5, p. 127 ; achat : p. 191","","","","","","","","","","","","","","","","","","","","","",""
"Tireur d'élite (Sharpshooter)","Vos Tests de tir ignorent les pénalités dues à une cible À terre ou à couvert. Les tirs de précision apparemment impossibles restent possibles, avec un Test de tir réussi dont le MJ fixe la difficulté.","1","Livre de base V5, p. 125 ; achat : p. 191","","","","","","","","","","","","","","","","","","","","","",""
"Tireur de précision (Marksman)","+5 en Capacité de Tir, sans compter comme une Augmentation.","1","Livre de base V5, p. 122 ; achat : p. 191","","","","","","","","","","","","","","","","","","","","","",""
"Tireur embusqué (Sniper)","Aucune pénalité de tir à longue portée ; seulement −1 DR à portée extrême.","1","Livre de base V5, p. 126 ; achat : p. 191","","","","","","","","","","","","","","","","","","","","","",""
"Tour des souvenirs (Tower of Memories)","Sur un Test de Savoir réussi, choisissez les DR obtenus ou la valeur du dé des unités ; vous mémorisez parfaitement de nombreux faits.","1","Livre de base V5, p. 128 ; achat : p. 191","","","","","","","","","","","","","","","","","","","","","",""
"Tourbillon de mort (Whirlwind of Death)","En Action, dépensez 1 point de Chance pour une attaque de Corps à corps contre toutes les créatures engagées avec vous. Le MJ choisit l'ennemi qui oppose le Test. Réussite : mêmes dégâts normaux et même localisation pour toutes, alliés compris. Pas de critiques sur le jet d'attaque, mais Blessures critiques normales pour les ennemis réduits à 0 Blessure. Aucun autre choix d'attaque spéciale ; avec Dual Wielder et deux armes, vous pouvez inverser le jet de Corps à corps.","1","Dwarf Player’s Guide (V4), p. 81","","","","","","","","","","","","","","","","","","","","","",""
"Trappeur (Trapper)","Avantage V5 aux Tests de Piégeage. Avec une heure de préparation, fabriquez un piège pour petit animal ou une fosse dissimulée (p. 136).","1","Livre de base V5, p. 128 ; achat : p. 191","","","","","","","","","","","","","","","","","","","","","",""
"Travailleur qualifié [Métier] (Master Tradesman)","Choisissez une spécialisation de Métier. Lors d’un Test réussi dans cette spécialisation, utilisez au choix les DR obtenus ou le chiffre du dé des unités. Répétable avec une nouvelle spécialisation, une fois par choix.","Sans limitation","Livre de base V5, p. 122 ; achat : p. 191","","","","","","","","","","","","","","","","","","","","","",""
"Très fort (Very Strong)","+5 en Force, sans compter comme Augmentations.","1","Livre de base V5, p. 128 ; achat : p. 191","","","","","","","","","","","","","","","","","","","","","",""
"Très résistant (Very Resilient)","+5 en Endurance, sans compter comme Augmentations.","1","Livre de base V5, p. 128 ; achat : p. 191","","","","","","","","","","","","","","","","","","","","","",""
"Tricheur (Cardsharp)","Lors d’un Test opposé de Pari, si votre jet est un double, vous pouvez relancer le jet de l’adversaire ; cela annule également tout bénéfice qu’il aurait obtenu avec Escamotage.","1","Livre de base V5, p. 116 ; achat : p. 191","","","","","","","","","","","","","","","","","","","","","",""
"Tueur (Slayer)","Si une créature de Taille supérieure à la vôtre vous Charge, vous gagnez automatiquement Momentum.","1","Livre de base V5, p. 126 ; achat : p. 191","","","","","","","","","","","","","","","","","","","","","",""
"Uranai rustre (Uncouth Uranai)","Lors des interactions avec les Hauts Elfes de Caledor, Ellyrion, Avelorn ou Saphery, réduisez votre Standing de 1. Ceux des royaumes extérieurs et d'Eataine n'ont pas ce préjugé.","1","High Elf Player’s Guide (V4), p. 57","","","","","","","","","","","","","","","","","","","","","",""
"Véloce (Fleet-footed)","Gagnez +1 à votre Attribut de Mouvement.","1","Livre de base V5, p. 120 ; achat : p. 191","","","","","","","","","","","","","","","","","","","","","",""
"Vice [Cible] (Vice)","Chaque achat vous donne un nouveau vice (alcool, nourriture, narcotiques, plaisir…). Face à sa cible, Test de Psychologie ; échec : vous vous y adonnez excessivement en abandonnant toute autre action, jusqu'à devenir insensible et gagner 1 état Exténué. À la fin de chaque Round suivant, un nouveau Test peut mettre fin à cet état. −20 aux Tests de Sociabilité envers les témoins. Chaque jour entier sans satisfaire le vice ajoute −20 cumulatif aux Tests de Psychologie jusqu'à satisfaction. Tests de Force Mentale réussis pour résister à la cible : +1 DR par niveau.","Bonus de Force Mentale","Archives of the Empire 2 (V4), p. 20","","","","","","","","","","","","","","","","","","","","","",""
"Vigilance (Combat Aware)","Vous pouvez tenter un Test de Perception Intermédiaire (+0 DR) pour éviter l’État Surpris. Si le MJ aurait normalement autorisé un Test pour ignorer la Surprise dans cette situation, vous réussissez automatiquement.","1","Livre de base V5, p. 116 ; achat : p. 191","","","","","","","","","","","","","","","","","","","","","",""
"Vision nocturne (Night Vision)","Avec au moins une faible source de lumière naturelle ou équivalente, vous voyez clairement jusqu’à 20 yards ; augmentez aussi de 20 yards la portée effective d’éclairage de toute source lumineuse.","1","Livre de base V5, p. 123 ; achat : p. 191","","","","","","","","","","","","","","","","","","","","","",""
"Visions sacrées (Holy Visions)","Vous reconnaissez automatiquement un lieu sacré en y entrant, percevez les Bénédictions, Miracles et sorts de Magie du Chaos lancés dans votre ligne de vue, et sentez le pouvoir divin d’un objet en le touchant.","1","Livre de base V5, p. 120 ; achat : p. 191","","","","","","","","","","","","","","","","","","","","","",""
"Vivacité (Sharp)","+5 en Initiative, sans compter comme Augmentations.","1","Livre de base V5, p. 125 ; achat : p. 191","","","","","","","","","","","","","","","","","","","","","",""
"Volonté de fer (Iron Will)","Avantage V5 aux Tests de Calme pour résister à l’influence d’autrui, qu’elle provienne d’un Test de Sociabilité ou de la magie.","1","Livre de base V5, p. 121 ; achat : p. 191","","","","","","","","","","","","","","","","","","","","","",""
"Voyageur aguerri (Seasoned Traveller)","Vous pouvez toujours augmenter le Savoir (Région) correspondant à la région où vous séjournez, même hors de votre carrière actuelle.","1","Livre de base V5, p. 125 ; achat : p. 191","","","","","","","","","","","","","","","","","","","","","",""